version,system_version,package
0.9,develop:1.0,collective.recipe.omelette
1.3,develop:1.0,collective.testcaselayer
1.4.5,develop:1.0,infrae.subversion
1.7,develop:1.0,mr.developer
1.3,develop:1.0,plone.reload
0.4,develop:freshen,NoseGrowl
0.3.3,develop:freshen,NoseXUnit
3.09,develop:freshen,PyYAML
1.3.1,develop:freshen,Pygments
1.1,develop:freshen,argparse
0.2,develop:freshen,freshen
1.0a2,develop:freshen,ftw.recipe.freshen
0.9.6,develop:freshen,kid
0.20.1,develop:freshen,logilab-astng
0.50.3,develop:freshen,logilab-common
1.14,develop:freshen,mr.developer
0.11.4,develop:freshen,nose
0.0.7,develop:freshen,py-Growl
0.21.1,develop:freshen,pylint
1.5.3,develop:freshen,pyparsing
0.3,develop:freshen,rudolf
1.0.3,develop:freshen,selenium
2.1.1,develop:freshen,simplejson
1.5.0b2,develop:freshen,zc.buildout
1.2.3b2,develop:freshen,zc.recipe.egg
2.0a5,develop:freshen-selenium2,selenium
1.0b1,develop:freshen-selenium2,ftw.recipe.freshen
1.0a2,egov:1.0a3,egov.mystuff
1.0a2,egov:1.0a3,egov.participation
1.0a3,egov:1.0a3,egov.policy
1.0a2,egov:1.0a3,egov.theme
1.0a2,egov:1.0a3,egov.translations
1.0a5,egov:1.0a3,ftw.contentmenu
1.1.1,egov:1.0a3,ftw.dashboard.dragndrop
1.1,egov:1.0a3,ftw.dashboard.portlets.favourites
1.2,egov:1.0a3,ftw.dashboard.portlets.postit
1.1.4,egov:1.0a3,ftw.dashboard.portlets.recentlymodified
1.0a2,egov:1.0a3,ftw.quota
2.8.0rc1,egov:1.0a3,iw.fss
0.8,egov:1.0a3,izug.arbeitsraum
1.0a1,egov:1.0a3,izug.base
1.0.3,egov:1.0a3,izug.bibliothek
0.7,egov:1.0a3,izug.blog
0.3,egov:1.0a3,izug.flowplayerblock
1.1,egov:1.0a3,izug.graphicblock
0.3,egov:1.0a3,izug.journal
0.2,egov:1.0a3,izug.orgunit
0.4,egov:1.0a3,izug.simplelayout
0.3,egov:1.0a3,izug.utils
0.7,egov:1.0a3,izug.workflow
1.0a2,egov:1.0a4,collective.mtrsetup
1.0a1,egov:1.0a4,egov.base
1.0a3,egov:1.0a4,egov.mystuff
1.0a3,egov:1.0a4,egov.participation
1.0a4,egov:1.0a4,egov.policy
1.0a2,egov:1.0a4,egov.procurement
1.0a3,egov:1.0a4,egov.theme
1.0a3,egov:1.0a4,egov.translations
1.0a2,egov:1.0a4,egov.workflows
1.0a1,egov:1.0a4,ftw.calendarwidget
1.0a3,egov:1.0a4,ftw.quota
1.1.2,egov:1.0a4,ftw.dashboard.dragndrop
1.0a1,egov:1.0b1,egov.arbeitsraum
1.0b1,egov:1.0b1,egov.blog
1.0b1,egov:1.0b1,egov.mystuff
1.0b1,egov:1.0b1,egov.participation
1.0b3,egov:1.0b1,egov.policy
1.0b3,egov:1.0b1,egov.procurement
1.0b3,egov:1.0b1,egov.theme
1.0b1,egov:1.0b1,egov.translations
1.0a3,egov:1.0b1,egov.workflows
1.0,egov:1.0b1,ftw.notification.base
1.0a4,egov:1.0b1,ftw.tabbedview
1.0b1,egov:1.0b1,izug.arbeitsraum
1.0b4,egov:1.0b2,egov.policy
1.0b5,egov:1.0b2,egov.theme
0.4,egov:1.0b2,ftw.notification.email
1.0a6,egov:1.0b2,ftw.contentmenu
2.1-ftw,egov:1.0b3,campaign-monitor-api
1.3,egov:1.0b3,egov.registration
1.1c6,egov:1.0b3,egov.theme
1.0,egov:1.0b3,ftw.campaignmonitor
2.0.2,egov:1.1,Products.Maps
0.4.4,egov:1.1,Products.MasterSelectWidget
1.0b1,egov:1.1,Products.pipbox
1.0b1,egov:1.1,collective.autopermission
0.2.5,egov:1.1,collective.dist
1.0a1,egov:1.1,collective.jqhistory
1.6rc5,egov:1.1,collective.jqueryui
1.3.2.1,egov:1.1,collective.js.jquery
0.4,egov:1.1,collective.recipe.i18noverrides
1.3,egov:1.1,collective.testcaselayer
1.1c3,egov:1.1,egov.policy
1.1c4,egov:1.1,egov.theme
1.0a1,egov:1.1,ftw.js.globals
1.0a1,egov:1.1,ftw.js.statusmessages
1.1c1,egov:1.1,ftw.notification.base
1.0c1,egov:1.1,ftw.tabbedview
1.1c1,egov:1.1,ftw.table
0.94,egov:1.1,geopy
3.1.1,egov:1.1,i18ndude
1.1c2,egov:1.1,izug.arbeitsraum
1.0c1,egov:1.1,izug.base
1.1c1,egov:1.1,izug.bibliothek
1.0c1,egov:1.1,izug.billboard
1.0c1,egov:1.1,izug.block
1.0c1,egov:1.1,izug.blog
1.0c2,egov:1.1,izug.contentpage
1.0c4,egov:1.1,izug.file
1.0c1,egov:1.1,izug.flowplayerblock
1.2,egov:1.1,izug.graphicblock
1.0c2,egov:1.1,izug.news
1.0c1,egov:1.1,izug.orgunit
1.0c2,egov:1.1,izug.poodle
1.0c1,egov:1.1,izug.simplelayout
1.1c3,egov:1.1,izug.subsites
1.0a2,egov:1.1,izug.tagging
1.0c2,egov:1.1,izug.task
1.1c2,egov:1.1,izug.topics
1.0c1,egov:1.1,izug.utils
1.1c1,egov:1.1,izug.webcontent
1.0rc1,egov:1.1,plone.app.jquerytools
1.0b1,egov:1.1,plone.app.registry
1.0b3,egov:1.1,plone.autoform
1.0b2,egov:1.1,plone.registry
1.0b5,egov:1.1,plone.supermodel
1.1c1,egov:1.1,plonegov.pdflatex
0.3.5,egov:1.1,plonegov.workflowmap
1.3,egov:1.1,zope.browser
1.4.4,egov:2.0,Products.AddRemoveWidget
1.3,egov:2.0,Products.AutocompleteWidget
1.8b1,egov:2.0,Products.DataGridField
1.12,egov:2.0,Products.LDAPMultiPlugins
2.18,egov:2.0,Products.LDAPUserFolder
2.1.0,egov:2.0,Products.Maps
1.6.0b4,egov:2.0,Products.PloneFormGen
1.1,egov:2.0,Products.PloneLDAP
1.1.3,egov:2.0,Products.PythonField
1.1.3,egov:2.0,Products.TALESField
1.2.5,egov:2.0,Products.TemplateFields
0.1.1,egov:2.0,collective.blueprint.usersandgroups
1.8.4.1,egov:2.0,collective.js.jqueryui
1.0,egov:2.0,collective.mtrsetup
0.6,egov:2.0,collective.recipe.filestorage
1.2,egov:2.0,dataflake.cache
1.2,egov:2.0,dataflake.ldapconnection
0.2.11,egov:2.0,egov.classification
1.1,egov:2.0,egov.contactdirectory
1.0,egov:2.0,egov.contentpage
1.0a5,egov:2.0,egov.izugtheme
1.0a2,egov:2.0,egov.jsonimport
1.0b3,egov:2.0,egov.myaccount
1.0a2,egov:2.0,egov.orgunit
1.0a2,egov:2.0,egov.policy.base
1.0,egov:2.0,egov.policy.my4egov
1.0a1,egov:2.0,egov.policy.portal
1.0b4,egov:2.0,egov.procurement
1.0a2,egov:2.0,egov.tabbedview
1.1c3,egov:2.0,egov.topics
1.0a5,egov:2.0,egov.workflows
1.0,egov:2.0,ftw.billboard
1.0c2,egov:2.0,ftw.blog
1.0,egov:2.0,ftw.book
1.0a2,egov:2.0,ftw.calendarwidget
2.0a1,egov:2.0,ftw.contentmenu
1.1.4,egov:2.0,ftw.dashboard.dragndrop
2.0,egov:2.0,ftw.dashboard.portlets.favourites
1.3,egov:2.0,ftw.dashboard.portlets.postit
1.2.0,egov:2.0,ftw.dashboard.portlets.recentlymodified
1.0,egov:2.0,ftw.favorite
1.0,egov:2.0,ftw.file
1.0,egov:2.0,ftw.keywordoverlay
1.0,egov:2.0,ftw.meeting
1.1c2,egov:2.0,ftw.notification.base
0.5,egov:2.0,ftw.notification.email
1.0a1,egov:2.0,ftw.participation
1.0dev,egov:2.0,ftw.poodle
1.0a1,egov:2.0,ftw.portletview
1.0b2,egov:2.0,ftw.quota
2.1,egov:2.0,ftw.tabbedview
1.1c2,egov:2.0,ftw.table
1.0a3,egov:2.0,ftw.tagging
1.0c3,egov:2.0,ftw.task
0.6dev-r26088,egov:2.0,ftw.utilities
1.0,egov:2.0,ftw.workspace
0.94,egov:2.0,geopy
1.0b1,egov:2.0,plone.principalsource
1.3,egov:2.0,plonegov.pdflatex
2.4.0,egov:2.0,z3c.form
0.5.4,egov:2.0,z3c.json
1.0c1,egov:2.0,z3c.widgets.flashupload
1.4.4,egov:2.1,Products.AddRemoveWidget
1.3,egov:2.1,Products.AutocompleteWidget
1.8b1,egov:2.1,Products.DataGridField
1.12,egov:2.1,Products.LDAPMultiPlugins
2.18,egov:2.1,Products.LDAPUserFolder
2.1.0,egov:2.1,Products.Maps
1.6.0b4,egov:2.1,Products.PloneFormGen
1.1,egov:2.1,Products.PloneLDAP
1.1.3,egov:2.1,Products.PythonField
1.1.3,egov:2.1,Products.TALESField
1.2.5,egov:2.1,Products.TemplateFields
0.1.1,egov:2.1,collective.blueprint.usersandgroups
1.8.4.1,egov:2.1,collective.js.jqueryui
1.0,egov:2.1,collective.mtrsetup
0.6,egov:2.1,collective.recipe.filestorage
1.2,egov:2.1,dataflake.cache
1.2,egov:2.1,dataflake.ldapconnection
0.2.12,egov:2.1,egov.classification
1.1.1,egov:2.1,egov.contactdirectory
1.0.1,egov:2.1,egov.contentpage
1.0b1,egov:2.1,egov.izugtheme
1.0a2,egov:2.1,egov.jsonimport
1.0b3,egov:2.1,egov.myaccount
1.0b1,egov:2.1,egov.orgunit
1.0b2,egov:2.1,egov.policy.base
1.0,egov:2.1,egov.policy.my4egov
1.0a2,egov:2.1,egov.policy.portal
1.0b4,egov:2.1,egov.procurement
1.0a2,egov:2.1,egov.tabbedview
1.1c4,egov:2.1,egov.topics
1.0b2,egov:2.1,egov.workflows
1.0.1,egov:2.1,ftw.billboard
1.0c2,egov:2.1,ftw.blog
1.0,egov:2.1,ftw.book
1.0a2,egov:2.1,ftw.calendarwidget
2.0a1,egov:2.1,ftw.contentmenu
1.1.4,egov:2.1,ftw.dashboard.dragndrop
2.0,egov:2.1,ftw.dashboard.portlets.favourites
1.3,egov:2.1,ftw.dashboard.portlets.postit
1.2.0,egov:2.1,ftw.dashboard.portlets.recentlymodified
1.0,egov:2.1,ftw.favorite
1.0,egov:2.1,ftw.file
1.0,egov:2.1,ftw.keywordoverlay
1.1,egov:2.1,ftw.meeting
1.1c2,egov:2.1,ftw.notification.base
0.5,egov:2.1,ftw.notification.email
1.0a1,egov:2.1,ftw.participation
1.0dev,egov:2.1,ftw.poodle
1.0a1,egov:2.1,ftw.portletview
1.0b2,egov:2.1,ftw.quota
2.1.1,egov:2.1,ftw.tabbedview
1.1c2,egov:2.1,ftw.table
1.0b1,egov:2.1,ftw.tagging
2.1,egov:2.1,ftw.task
0.6dev-r26088,egov:2.1,ftw.utilities
1.1,egov:2.1,ftw.workspace
0.94,egov:2.1,geopy
1.0b1,egov:2.1,plone.principalsource
1.3,egov:2.1,plonegov.pdflatex
2.4.0,egov:2.1,z3c.form
0.5.4,egov:2.1,z3c.json
1.0c1,egov:2.1,z3c.widgets.flashupload
1.4.4,egov:2.2,Products.AddRemoveWidget
1.3,egov:2.2,Products.AutocompleteWidget
1.8b1,egov:2.2,Products.DataGridField
1.12,egov:2.2,Products.LDAPMultiPlugins
2.18,egov:2.2,Products.LDAPUserFolder
2.1.0,egov:2.2,Products.Maps
1.6.0b4,egov:2.2,Products.PloneFormGen
1.1,egov:2.2,Products.PloneLDAP
1.1.3,egov:2.2,Products.PythonField
1.1.3,egov:2.2,Products.TALESField
1.2.5,egov:2.2,Products.TemplateFields
0.1.1,egov:2.2,collective.blueprint.usersandgroups
1.0,egov:2.2,collective.js.jqtooltip
1.8.4.1,egov:2.2,collective.js.jqueryui
1.0,egov:2.2,collective.mtrsetup
0.6,egov:2.2,collective.recipe.filestorage
1.2,egov:2.2,dataflake.cache
1.2,egov:2.2,dataflake.ldapconnection
0.2.12,egov:2.2,egov.classification
1.1.4,egov:2.2,egov.contactdirectory
1.0.3,egov:2.2,egov.contentpage
1.0b3,egov:2.2,egov.izugtheme
1.0a2,egov:2.2,egov.jsonimport
1.0c1,egov:2.2,egov.myaccount
1.0b2,egov:2.2,egov.orgunit
1.0c1,egov:2.2,egov.policy.base
1.0,egov:2.2,egov.policy.my4egov
1.0a2,egov:2.2,egov.policy.portal
1.0b4,egov:2.2,egov.procurement
1.0b1,egov:2.2,egov.tabbedview
1.1c4,egov:2.2,egov.topics
1.0,egov:2.2,egov.workflows
1.0.1,egov:2.2,ftw.billboard
1.0c2,egov:2.2,ftw.blog
1.0,egov:2.2,ftw.book
1.0a2,egov:2.2,ftw.calendarwidget
2.0a1,egov:2.2,ftw.contentmenu
1.1.4,egov:2.2,ftw.dashboard.dragndrop
2.0,egov:2.2,ftw.dashboard.portlets.favourites
1.3,egov:2.2,ftw.dashboard.portlets.postit
1.2.0,egov:2.2,ftw.dashboard.portlets.recentlymodified
1.1,egov:2.2,ftw.favorite
1.2,egov:2.2,ftw.file
1.0,egov:2.2,ftw.keywordoverlay
1.2.1,egov:2.2,ftw.meeting
1.0,egov:2.2,ftw.mimetypes
1.1c4,egov:2.2,ftw.notification.base
1.0,egov:2.2,ftw.notification.email
1.0a3,egov:2.2,ftw.participation
1.0dev,egov:2.2,ftw.poodle
1.0a2,egov:2.2,ftw.portletview
1.0b2,egov:2.2,ftw.quota
2.1.3,egov:2.2,ftw.tabbedview
1.1c5,egov:2.2,ftw.table
1.0b1,egov:2.2,ftw.tagging
2.2,egov:2.2,ftw.task
0.6dev-r26088,egov:2.2,ftw.utilities
1.2.1,egov:2.2,ftw.workspace
0.94,egov:2.2,geopy
1.0b1,egov:2.2,plone.principalsource
1.3,egov:2.2,plonegov.pdflatex
2.4.0,egov:2.2,z3c.form
0.5.4,egov:2.2,z3c.json
1.0c1,egov:2.2,z3c.widgets.flashupload
1.4.4,egov:2.3,Products.AddRemoveWidget
1.3,egov:2.3,Products.AutocompleteWidget
1.8b1,egov:2.3,Products.DataGridField
1.12,egov:2.3,Products.LDAPMultiPlugins
2.18,egov:2.3,Products.LDAPUserFolder
2.1.0,egov:2.3,Products.Maps
1.6.0b4,egov:2.3,Products.PloneFormGen
1.1,egov:2.3,Products.PloneLDAP
1.1.3,egov:2.3,Products.PythonField
1.1.3,egov:2.3,Products.TALESField
1.2.5,egov:2.3,Products.TemplateFields
0.1.1,egov:2.3,collective.blueprint.usersandgroups
1.0,egov:2.3,collective.js.jqtooltip
1.8.4.1,egov:2.3,collective.js.jqueryui
1.0,egov:2.3,collective.mtrsetup
0.6,egov:2.3,collective.recipe.filestorage
1.2,egov:2.3,dataflake.cache
1.2,egov:2.3,dataflake.ldapconnection
0.2.13,egov:2.3,egov.classification
1.1.4,egov:2.3,egov.contactdirectory
1.0.3,egov:2.3,egov.contentpage
1.0b4,egov:2.3,egov.izugtheme
1.0a2,egov:2.3,egov.jsonimport
1.0c2,egov:2.3,egov.myaccount
1.0b2,egov:2.3,egov.orgunit
1.0c2,egov:2.3,egov.policy.base
1.0,egov:2.3,egov.policy.my4egov
1.0a3,egov:2.3,egov.policy.portal
1.1,egov:2.3,egov.policy.teamraum
1.0b4,egov:2.3,egov.procurement
1.0b2,egov:2.3,egov.tabbedview
1.1c4,egov:2.3,egov.topics
1.0.1,egov:2.3,egov.workflows
1.0.1,egov:2.3,ftw.billboard
1.0c2,egov:2.3,ftw.blog
1.0,egov:2.3,ftw.book
1.0a2,egov:2.3,ftw.calendarwidget
2.0a1,egov:2.3,ftw.contentmenu
1.1.4,egov:2.3,ftw.dashboard.dragndrop
2.0,egov:2.3,ftw.dashboard.portlets.favourites
1.3,egov:2.3,ftw.dashboard.portlets.postit
1.2.0,egov:2.3,ftw.dashboard.portlets.recentlymodified
1.1,egov:2.3,ftw.favorite
1.3,egov:2.3,ftw.file
1.0,egov:2.3,ftw.keywordoverlay
1.2.2,egov:2.3,ftw.meeting
1.1,egov:2.3,ftw.mimetypes
1.1c5,egov:2.3,ftw.notification.base
1.0.1,egov:2.3,ftw.notification.email
1.0a3,egov:2.3,ftw.participation
1.0,egov:2.3,ftw.permissionmanager
1.0dev,egov:2.3,ftw.poodle
1.0a2,egov:2.3,ftw.portletview
1.0b2,egov:2.3,ftw.quota
2.1.3,egov:2.3,ftw.tabbedview
1.1,egov:2.3,ftw.table
1.0b1,egov:2.3,ftw.tagging
2.2,egov:2.3,ftw.task
1.0,egov:2.3,ftw.usermanagement
0.6dev-r26088,egov:2.3,ftw.utilities
1.2.3,egov:2.3,ftw.workspace
0.94,egov:2.3,geopy
1.0b1,egov:2.3,plone.principalsource
1.3,egov:2.3,plonegov.pdflatex
2.4.0,egov:2.3,z3c.form
0.5.4,egov:2.3,z3c.json
1.0c1,egov:2.3,z3c.widgets.flashupload
1.4.4,egov:2.3.1,Products.AddRemoveWidget
1.3,egov:2.3.1,Products.AutocompleteWidget
1.8b1,egov:2.3.1,Products.DataGridField
1.12,egov:2.3.1,Products.LDAPMultiPlugins
2.18,egov:2.3.1,Products.LDAPUserFolder
2.1.0,egov:2.3.1,Products.Maps
1.6.0b4,egov:2.3.1,Products.PloneFormGen
1.1,egov:2.3.1,Products.PloneLDAP
1.1.3,egov:2.3.1,Products.PythonField
1.1.3,egov:2.3.1,Products.TALESField
1.2.5,egov:2.3.1,Products.TemplateFields
0.1.1,egov:2.3.1,collective.blueprint.usersandgroups
1.0,egov:2.3.1,collective.js.jqtooltip
1.8.4.1,egov:2.3.1,collective.js.jqueryui
1.0,egov:2.3.1,collective.mtrsetup
0.6,egov:2.3.1,collective.recipe.filestorage
1.2,egov:2.3.1,dataflake.cache
1.2,egov:2.3.1,dataflake.ldapconnection
0.2.13,egov:2.3.1,egov.classification
1.1.4,egov:2.3.1,egov.contactdirectory
1.0.3,egov:2.3.1,egov.contentpage
1.0b5,egov:2.3.1,egov.izugtheme
1.0a2,egov:2.3.1,egov.jsonimport
1.0,egov:2.3.1,egov.myaccount
1.0b2,egov:2.3.1,egov.orgunit
1.0c2,egov:2.3.1,egov.policy.base
1.0,egov:2.3.1,egov.policy.my4egov
1.0a3,egov:2.3.1,egov.policy.portal
1.2.1,egov:2.3.1,egov.policy.teamraum
1.0b4,egov:2.3.1,egov.procurement
1.0b2,egov:2.3.1,egov.tabbedview
1.1c4,egov:2.3.1,egov.topics
1.0.2,egov:2.3.1,egov.workflows
1.0.1,egov:2.3.1,ftw.billboard
1.0c2,egov:2.3.1,ftw.blog
1.0,egov:2.3.1,ftw.book
1.0c1,egov:2.3.1,ftw.calendarwidget
2.0a1,egov:2.3.1,ftw.contentmenu
1.1.4,egov:2.3.1,ftw.dashboard.dragndrop
2.0,egov:2.3.1,ftw.dashboard.portlets.favourites
1.3,egov:2.3.1,ftw.dashboard.portlets.postit
1.2.0,egov:2.3.1,ftw.dashboard.portlets.recentlymodified
1.1,egov:2.3.1,ftw.favorite
1.4,egov:2.3.1,ftw.file
1.0,egov:2.3.1,ftw.keywordoverlay
1.2.3,egov:2.3.1,ftw.meeting
1.1,egov:2.3.1,ftw.mimetypes
1.1c5,egov:2.3.1,ftw.notification.base
1.0.2,egov:2.3.1,ftw.notification.email
1.0a3,egov:2.3.1,ftw.participation
1.2,egov:2.3.1,ftw.permissionmanager
1.0dev,egov:2.3.1,ftw.poodle
1.0a2,egov:2.3.1,ftw.portletview
1.0b2,egov:2.3.1,ftw.quota
2.1.4,egov:2.3.1,ftw.tabbedview
1.1,egov:2.3.1,ftw.table
1.0b1,egov:2.3.1,ftw.tagging
2.2,egov:2.3.1,ftw.task
1.1,egov:2.3.1,ftw.usermanagement
0.6dev-r26088,egov:2.3.1,ftw.utilities
1.2.3,egov:2.3.1,ftw.workspace
0.94,egov:2.3.1,geopy
1.0b1,egov:2.3.1,plone.principalsource
1.3,egov:2.3.1,plonegov.pdflatex
2.4.0,egov:2.3.1,z3c.form
0.5.4,egov:2.3.1,z3c.json
1.0c1,egov:2.3.1,z3c.widgets.flashupload
1.4.4,egov:2.3.2,Products.AddRemoveWidget
1.3,egov:2.3.2,Products.AutocompleteWidget
1.8b1,egov:2.3.2,Products.DataGridField
1.12,egov:2.3.2,Products.LDAPMultiPlugins
2.18,egov:2.3.2,Products.LDAPUserFolder
2.1.0,egov:2.3.2,Products.Maps
1.6.0b4,egov:2.3.2,Products.PloneFormGen
1.1,egov:2.3.2,Products.PloneLDAP
1.1.3,egov:2.3.2,Products.PythonField
1.1.3,egov:2.3.2,Products.TALESField
1.2.5,egov:2.3.2,Products.TemplateFields
0.1.1,egov:2.3.2,collective.blueprint.usersandgroups
1.0,egov:2.3.2,collective.js.jqtooltip
1.8.4.1,egov:2.3.2,collective.js.jqueryui
1.0,egov:2.3.2,collective.mtrsetup
0.6,egov:2.3.2,collective.recipe.filestorage
1.2,egov:2.3.2,dataflake.cache
1.2,egov:2.3.2,dataflake.ldapconnection
0.2.13,egov:2.3.2,egov.classification
1.1.4,egov:2.3.2,egov.contactdirectory
1.0.3,egov:2.3.2,egov.contentpage
1.0b5,egov:2.3.2,egov.izugtheme
1.0a2,egov:2.3.2,egov.jsonimport
1.1,egov:2.3.2,egov.myaccount
1.0b2,egov:2.3.2,egov.orgunit
1.0c2,egov:2.3.2,egov.policy.base
1.0,egov:2.3.2,egov.policy.my4egov
1.0a3,egov:2.3.2,egov.policy.portal
1.2.1,egov:2.3.2,egov.policy.teamraum
1.0b4,egov:2.3.2,egov.procurement
1.0b2,egov:2.3.2,egov.tabbedview
1.1c4,egov:2.3.2,egov.topics
1.0.3,egov:2.3.2,egov.workflows
1.0.2,egov:2.3.2,ftw.billboard
1.0c2,egov:2.3.2,ftw.blog
1.0,egov:2.3.2,ftw.book
1.0c1,egov:2.3.2,ftw.calendarwidget
2.0a1,egov:2.3.2,ftw.contentmenu
1.1.4,egov:2.3.2,ftw.dashboard.dragndrop
2.0,egov:2.3.2,ftw.dashboard.portlets.favourites
1.3,egov:2.3.2,ftw.dashboard.portlets.postit
1.2.0,egov:2.3.2,ftw.dashboard.portlets.recentlymodified
1.1,egov:2.3.2,ftw.favorite
1.4,egov:2.3.2,ftw.file
1.0,egov:2.3.2,ftw.keywordoverlay
1.2.3,egov:2.3.2,ftw.meeting
1.1,egov:2.3.2,ftw.mimetypes
1.1c5,egov:2.3.2,ftw.notification.base
1.0.1,egov:2.3.2,ftw.notification.email
1.0b1,egov:2.3.2,ftw.participation
1.1,egov:2.3.2,ftw.permissionmanager
1.0dev,egov:2.3.2,ftw.poodle
1.0a2,egov:2.3.2,ftw.portletview
1.0b2,egov:2.3.2,ftw.quota
2.1.4,egov:2.3.2,ftw.tabbedview
1.1,egov:2.3.2,ftw.table
1.0b1,egov:2.3.2,ftw.tagging
2.2,egov:2.3.2,ftw.task
1.1,egov:2.3.2,ftw.usermanagement
0.6dev-r26088,egov:2.3.2,ftw.utilities
1.2.3,egov:2.3.2,ftw.workspace
0.94,egov:2.3.2,geopy
1.0b1,egov:2.3.2,plone.principalsource
1.3,egov:2.3.2,plonegov.pdflatex
2.4.0,egov:2.3.2,z3c.form
0.5.4,egov:2.3.2,z3c.json
1.0c1,egov:2.3.2,z3c.widgets.flashupload
1.4.4,egov:2.4.0,Products.AddRemoveWidget
1.3,egov:2.4.0,Products.AutocompleteWidget
1.8b1,egov:2.4.0,Products.DataGridField
1.12,egov:2.4.0,Products.LDAPMultiPlugins
2.18,egov:2.4.0,Products.LDAPUserFolder
2.1.0,egov:2.4.0,Products.Maps
1.6.0b4,egov:2.4.0,Products.PloneFormGen
1.1,egov:2.4.0,Products.PloneLDAP
1.1.3,egov:2.4.0,Products.PythonField
1.1.3,egov:2.4.0,Products.TALESField
1.2.5,egov:2.4.0,Products.TemplateFields
0.1.1,egov:2.4.0,collective.blueprint.usersandgroups
1.0,egov:2.4.0,collective.js.jqtooltip
1.8.4.1,egov:2.4.0,collective.js.jqueryui
1.0,egov:2.4.0,collective.mtrsetup
0.6,egov:2.4.0,collective.recipe.filestorage
1.2,egov:2.4.0,dataflake.cache
1.2,egov:2.4.0,dataflake.ldapconnection
0.3.4,egov:2.4.0,egov.classification
1.1.5,egov:2.4.0,egov.contactdirectory
1.0.3,egov:2.4.0,egov.contentpage
1.0c2,egov:2.4.0,egov.izugtheme
1.0a2,egov:2.4.0,egov.jsonimport
1.1,egov:2.4.0,egov.myaccount
1.0b4,egov:2.4.0,egov.orgunit
1.0,egov:2.4.0,egov.policy.base
1.0,egov:2.4.0,egov.policy.my4egov
1.0b1,egov:2.4.0,egov.policy.portal
1.2.3,egov:2.4.0,egov.policy.teamraum
1.0a1,egov:2.4.0,egov.policy.web
1.0b4,egov:2.4.0,egov.procurement
1.0,egov:2.4.0,egov.tabbedview
1.1c4,egov:2.4.0,egov.topics
2.4.0,egov:2.4.0,egov.upgrade
1.0.4,egov:2.4.0,egov.workflows
1.1,egov:2.4.0,ftw.billboard
1.1,egov:2.4.0,ftw.blog
1.0,egov:2.4.0,ftw.book
1.0c2,egov:2.4.0,ftw.calendarwidget
2.0a3,egov:2.4.0,ftw.contentmenu
1.1.4,egov:2.4.0,ftw.dashboard.dragndrop
2.0,egov:2.4.0,ftw.dashboard.portlets.favourites
1.3,egov:2.4.0,ftw.dashboard.portlets.postit
1.2.1,egov:2.4.0,ftw.dashboard.portlets.recentlymodified
1.1,egov:2.4.0,ftw.favorite
1.4.1,egov:2.4.0,ftw.file
1.1,egov:2.4.0,ftw.keywordoverlay
1.2.7,egov:2.4.0,ftw.meeting
1.1,egov:2.4.0,ftw.mimetypes
1.1c5,egov:2.4.0,ftw.notification.base
1.0.1,egov:2.4.0,ftw.notification.email
1.0b2,egov:2.4.0,ftw.participation
1.2,egov:2.4.0,ftw.permissionmanager
1.0dev,egov:2.4.0,ftw.poodle
1.0a2,egov:2.4.0,ftw.portletview
1.0b2,egov:2.4.0,ftw.quota
2.1.5,egov:2.4.0,ftw.tabbedview
1.1,egov:2.4.0,ftw.table
1.0,egov:2.4.0,ftw.tagging
2.2,egov:2.4.0,ftw.task
1.3,egov:2.4.0,ftw.usermanagement
0.6dev-r26088,egov:2.4.0,ftw.utilities
1.2.5,egov:2.4.0,ftw.workspace
0.94,egov:2.4.0,geopy
1.0b1,egov:2.4.0,plone.principalsource
1.3,egov:2.4.0,plonegov.pdflatex
2.4.0,egov:2.4.0,z3c.form
0.5.4,egov:2.4.0,z3c.json
1.0c1,egov:2.4.0,z3c.widgets.flashupload
0.3.5,egov:2.4.1,egov.classification
1.1.9,egov:2.4.1,egov.contactdirectory
1.0.4,egov:2.4.1,egov.contentpage
1.0.2,egov:2.4.1,egov.izugtheme
1.0c4,egov:2.4.1,egov.orgunit
1.2,egov:2.4.1,egov.policy.base
1.0b3,egov:2.4.1,egov.policy.portal
1.2.4,egov:2.4.1,egov.policy.teamraum
1.0.1,egov:2.4.1,egov.tabbedview
2.4.1,egov:2.4.1,egov.upgrade
1.4.2,egov:2.4.1,ftw.file
1.2.7,egov:2.4.1,ftw.meeting
1.0.4,egov:2.4.1,ftw.notification.email
1.0c1,egov:2.4.1,ftw.participation
1.4,egov:2.4.1,ftw.usermanagement
1.2.6,egov:2.4.1,ftw.workspace
4.0,egov:2.4.1,izug.ticketbox
3.2.0,egov:2.4.2,BeautifulSoup
3.0rc1,egov:2.4.2,collective.flowplayer
0.5,egov:2.4.2,collective.logbook
0.3.6,egov:2.4.2,egov.classification
1.2,egov:2.4.2,egov.contactdirectory
1.0.5,egov:2.4.2,egov.izugtheme
1.0,egov:2.4.2,egov.orgunit
1.5.4,egov:2.4.2,egov.policy.base
1.0.2,egov:2.4.2,egov.tabbedview
2.4.2c3,egov:2.4.2,egov.upgrade
1.1.1,egov:2.4.2,ftw.billboard
1.4.4,egov:2.4.2,ftw.file
1.2.8,egov:2.4.2,ftw.meeting
1.0.5,egov:2.4.2,ftw.notification.email
1.3.3,egov:2.4.2,ftw.workspace
1.0b1,egov:2.4.2,ftwbook.graphicblock
2.2.8,egov:2.4.2,lxml
1.1.4,egov:2.4.2,plone.app.discussion
4.0,egov:2.4.2,plone.app.testing
4.0.1,egov:2.4.2,plone.testing
2.3.13,egov:2.4.2,python-ldap
2.1.1,egov:2.5.0,Products.Maps
1.0.5.2,egov:2.5.0,egov.izugtheme
1.2,egov:2.5.0,egov.myaccount
1.2.4.2,egov:2.5.0,egov.policy.teamraum
1.0.4,egov:2.5.0,egov.tabbedview
1.0.6,egov:2.5.0,egov.workflows
1.1.3,egov:2.5.0,ftw.billboard
1.2.2,egov:2.5.0,ftw.dashboard.portlets.recentlymodified
1.4.7,egov:2.5.0,ftw.file
1.2.9,egov:2.5.0,ftw.meeting
1.5.1,egov:2.5.0,ftw.usermanagement
1.3.7,egov:2.5.0,ftw.workspace
1.3.8,egov:2.5.1,ftw.workspace
1.5.2,egov:2.5.1,ftw.usermanagement
2.0.2,egov:2.5.2,ftw.notification.email
3.0,egov:3.0,eGov
0.3.11,egov:3.0,egov.classification
1.0.6,egov:3.0,egov.contentpage
1.0.19,egov:3.0,egov.izugtheme
1.0.7,egov:3.0,egov.orgunit
1.1.4,egov:3.0,egov.tabbedview
2.2.5,egov:3.0,ftw.book
1.0.6,egov:3.0,ftw.bridge.client
1.3.6,egov:3.0,ftw.meeting
1.2.3,egov:3.0,ftw.pdfgenerator
1.4.5,egov:3.0,ftw.permissionmanager
1.1.4,egov:3.0,ftw.poodle
1.0,egov:3.0,ftw.quota
2.3.5,egov:3.0,ftw.task
1.0.4,egov:3.0,ftw.tooltip
1.8.1,egov:3.0,ftw.usermanagement
3.0b9,egov:3.0,simplelayout.base
1.0.7,egov:3.0,simplelayout.types.news
4.3.8,egov:3.0,izug.ticketbox
1.6.5,egov:3.0.1,Products.PloneFormGen
3.0.2,egov:3.0.1,eGov
1.3.3,egov:3.0.1,egov.contactdirectory
1.1.5.1,egov:3.0.1,egov.tabbedview
1.2.3,egov:3.0.1,ftw.blog
2.2.8,egov:3.0.1,ftw.book
1.1.3,egov:3.0.1,ftw.calendarwidget
1.3.8,egov:3.0.1,ftw.meeting
1.1.1,egov:3.0.1,ftw.notification.base
1.2.4,egov:3.0.1,ftw.pdfgenerator
1.2,egov:3.0.1,ftw.poodle
1.7.10,egov:3.0.1,ftw.table
1.0,egov:3.0.1,ftw.upgrade
1.8.2,egov:3.0.1,ftw.usermanagement
1.5.3,egov:3.0.1,ftw.workspace
4.4,egov:3.0.1,izug.ticketbox
3.0c1,egov:3.0.1,simplelayout.base
2.1.1,egov:3.0rc1,Products.Maps
1.2,egov:3.0rc1,Products.PloneHotfix20110720
1.1,egov:3.0rc1,Products.PloneHotfix20110928
1.0,egov:3.0rc1,Products.Zope-Hotfix-20110622
1.8.16.5,egov:3.0rc1,collective.js.jqueryui
1.2,egov:3.0rc1,collective.xmltestreport
3.0a2,egov:3.0rc1,eGov
0.3.8,egov:3.0rc1,egov.classification
1.3,egov:3.0rc1,egov.contactdirectory
1.0.5,egov:3.0rc1,egov.contentpage
1.2.1,egov:3.0rc1,egov.myaccount
1.0.1,egov:3.0rc1,egov.orgunit
1.0.5,egov:3.0rc1,egov.tabbedview
1.0.7,egov:3.0rc1,egov.workflows
1.1.4,egov:3.0rc1,ftw.billboard
1.1.6,egov:3.0rc1,ftw.blog
2.0,egov:3.0rc1,ftw.book
1.1.1,egov:3.0rc1,ftw.calendarwidget
1.1.5,egov:3.0rc1,ftw.dashboard.dragndrop
2.0.1,egov:3.0rc1,ftw.dashboard.portlets.favourites
1.3.1,egov:3.0rc1,ftw.dashboard.portlets.postit
1.2.3,egov:3.0rc1,ftw.dashboard.portlets.recentlymodified
1.1.1,egov:3.0rc1,ftw.favorite
1.4.8,egov:3.0rc1,ftw.file
1.2.10,egov:3.0rc1,ftw.meeting
1.1.1,egov:3.0rc1,ftw.mimetypes
1.1,egov:3.0rc1,ftw.notification.base
2.0,egov:3.0rc1,ftw.notification.email
1.0.1,egov:3.0rc1,ftw.participation
1.0.1,egov:3.0rc1,ftw.pdfgenerator
1.0,egov:3.0rc1,ftw.poodle
3.1.2,egov:3.0rc1,ftw.tabbedview
2.3.1,egov:3.0rc1,ftw.task
1.3.9,egov:3.0rc1,ftw.workspace
2.0,egov:3.0rc1,ftwbook.graphicblock
4.1.1,egov:3.0rc1,izug.ticketbox
2.1.1,egov:3.0rc1,plone.app.discussion
3.0b1,egov:3.0rc1,simplelayout.base
3.0b1,egov:3.0rc1,simplelayout.types.common
1.0a2,egov:3.0rc1,simplelayout.types.flowplayerblock
1.0.1,egov:3.0rc1,simplelayout.types.news
3.0b1,egov:3.0rc1,simplelayout.ui.base
3.0b1,egov:3.0rc1,simplelayout.ui.dragndrop
1.0,egov:3.0rc2,collective.jqhistory
1.0a2,egov:3.0rc2,collective.js.jqsmartTruncation
1.1,egov:3.0rc2,collective.js.throttledebounce
1.1.2,egov:3.0rc2,collective.portlet.collectionmultiview
3.0a3,egov:3.0rc2,eGov
1.0.7,egov:3.0rc2,egov.izugtheme
1.0.3,egov:3.0rc2,egov.orgunit
1.0.6,egov:3.0rc2,egov.tabbedview
1.1.7,egov:3.0rc2,ftw.blog
1.15,egov:3.0rc2,ftw.calendar
1.3.2,egov:3.0rc2,ftw.dashboard.portlets.postit
1.2.4,egov:3.0rc2,ftw.dashboard.portlets.recentlymodified
1.0,egov:3.0rc2,ftw.dictstorage
1.4.9,egov:3.0rc2,ftw.file
1.2.4,egov:3.0rc2,ftw.journal
1.2.11,egov:3.0rc2,ftw.meeting
1.1,egov:3.0rc2,ftw.poodle
0.4,egov:3.0rc2,ftw.sendmail
3.1.3,egov:3.0rc2,ftw.tabbedview
1.7.6,egov:3.0rc2,ftw.table
1.5.3,egov:3.0rc2,ftw.usermanagement
1.3.10,egov:3.0rc2,ftw.workspace
1.1,egov:3.0rc2,plonetheme.teamraum
1.0a3,egov:3.0rc2,collective.js.ui.multiselect
1.3,egov:3.0rc3,Products.PloneFlashUpload
3.0a4,egov:3.0rc3,eGov
1.3.1,egov:3.0rc3,egov.contactdirectory
1.0.9,egov:3.0rc3,egov.izugtheme
1.0.4,egov:3.0rc3,egov.orgunit
1.1,egov:3.0rc3,egov.tabbedview
2.0.2,egov:3.0rc3,ftw.book
2.1,egov:3.0rc3,ftw.contentmenu
1.1.2,egov:3.0rc3,ftw.favorite
1.3,egov:3.0rc3,ftw.meeting
1.1,egov:3.0rc3,ftw.pdfgenerator
1.3.1,egov:3.0rc3,ftw.permissionmanager
3.1.4,egov:3.0rc3,ftw.tabbedview
2.3.3,egov:3.0rc3,ftw.task
1.4,egov:3.0rc3,ftw.workspace
1.2,egov:3.0rc3,plonetheme.teamraum
1.0.1,egov:3.0rc3,collective.jqhistory
3.0a5,egov:3.0rc4,eGov
1.0.10,egov:3.0rc4,egov.izugtheme
1.1.5,egov:3.0rc4,ftw.billboard
1.1.7,egov:3.0rc4,ftw.dashboard.dragndrop
1.3.1,egov:3.0rc4,ftw.meeting
2.0.2,egov:3.0rc4,ftw.notification.email
1.4,egov:3.0rc4,ftw.permissionmanager
1.0.1,egov:3.0rc4,ftw.tooltip
3.0b3,egov:3.0rc4,simplelayout.types.common
2.0.2,egov:3.0rc5,collective.portlet.collectionmultiview
1.4,egov:3.0rc5,collective.quickupload
3.0b3,egov:3.0rc5,eGov
0.3.9,egov:3.0rc5,egov.classification
1.0.12,egov:3.0rc5,egov.izugtheme
1.2,egov:3.0rc5,ftw.blog
2.1,egov:3.0rc5,ftw.book
1.2,egov:3.0rc5,ftw.dashboard.dragndrop
1.4.1,egov:3.0rc5,ftw.permissionmanager
3.2,egov:3.0rc5,ftw.tabbedview
1.5,egov:3.0rc5,ftw.workspace
4.2,egov:3.0rc5,izug.ticketbox
3.0b2,egov:3.0rc5,simplelayout.base
3.0b4,egov:3.0rc5,simplelayout.types.common
1.0.2,egov:3.0rc5,simplelayout.types.news
1.0.5,egov:3.0rc5,egov.orgunit
3.0b4,egov:3.0rc6,eGov
1.2.2,egov:3.0rc6,egov.myaccount
1.0.8,egov:3.0rc6,egov.workflows
1.2.1,egov:3.0rc6,ftw.blog
3.2.1,egov:3.0rc6,ftw.tabbedview
3.0b3,egov:3.0rc6,simplelayout.base
1.0.3,egov:3.0rc6,simplelayout.types.news
3.0b2,egov:3.0rc6,simplelayout.ui.base
1.6,egov:3.0rc6,ftw.usermanagement
0.6.2,egov:3.0rc7,Mako
0.15,egov:3.0rc7,MarkupSafe
0.2.1,egov:3.0rc7,StoneageHTML
0.9.9,egov:3.0rc7,cssutils
3.0c1,egov:3.0rc7,eGov
1.0.13,egov:3.0rc7,egov.izugtheme
1.1.1,egov:3.0rc7,egov.tabbedview
1.1,egov:3.0rc7,ftw.colorbox
1.3,egov:3.0rc7,ftw.dashboard.dragndrop
1.3.2,egov:3.0rc7,ftw.meeting
3.2.2,egov:3.0rc7,ftw.tabbedview
1.0.2,egov:3.0rc7,ftw.tooltip
1.7,egov:3.0rc7,ftw.usermanagement
1.5.1,egov:3.0rc7,ftw.workspace
4.2.1,egov:3.0rc7,izug.ticketbox
1.0b9,egov:3.0rc7,plone.app.theming
1.0,egov:3.0rc7,plone.formwidget.autocomplete
1.0b6,egov:3.0rc7,plone.resource
0.5,egov:3.0rc7,plonegov.recipe.pdflatex
0.5,egov:3.0rc7,repoze.xmliter
3.0b4,egov:3.0rc7,simplelayout.base
3.0b5,egov:3.0rc7,simplelayout.types.common
3.0b4,egov:3.0rc7,simplelayout.ui.base
3.0b2,egov:3.0rc7,simplelayout.ui.dragndrop
0.7.1,egov:3.0rc7,z3c.jbot
0.8,egov:3.0rc7,z3c.recipe.staticlxml
1.3.5,egov:3.0rc7,zc.recipe.cmmi
1.14,egov:3.0rc7,Products.LDAPMultiPlugins
2.20,egov:3.0rc7,Products.LDAPUserFolder
1.0,egov:3.0rc8,collective.js.jqsmartTruncation
1.0,egov:3.0rc8,collective.js.ui.multiselect
3.0c2,egov:3.0rc8,eGov
0.3.10,egov:3.0rc8,egov.classification
1.0.18,egov:3.0rc8,egov.izugtheme
1.0.6,egov:3.0rc8,egov.orgunit
1.1.3,egov:3.0rc8,egov.tabbedview
1.0.9,egov:3.0rc8,egov.workflows
1.1.8,egov:3.0rc8,ftw.billboard
1.2.2,egov:3.0rc8,ftw.blog
2.2.3,egov:3.0rc8,ftw.book
1.0.4,egov:3.0rc8,ftw.bridge.client
1.1.3,egov:3.0rc8,ftw.colorbox
1.3.3,egov:3.0rc8,ftw.dashboard.dragndrop
1.2.5,egov:3.0rc8,ftw.dashboard.portlets.recentlymodified
1.1.3,egov:3.0rc8,ftw.favorite
1.4.12,egov:3.0rc8,ftw.file
1.1,egov:3.0rc8,ftw.globalstatusmessage
1.2.1,egov:3.0rc8,ftw.keywordoverlay
1.3.4,egov:3.0rc8,ftw.meeting
2.0.4,egov:3.0rc8,ftw.notification.email
1.2.1,egov:3.0rc8,ftw.pdfgenerator
1.4.4,egov:3.0rc8,ftw.permissionmanager
1.1.3,egov:3.0rc8,ftw.poodle
1.0,egov:3.0rc8,ftw.portlet.clock
1.0,egov:3.0rc8,ftw.portlet.weather
3.2.6,egov:3.0rc8,ftw.tabbedview
1.7.9,egov:3.0rc8,ftw.table
1.0.3,egov:3.0rc8,ftw.tooltip
1.8,egov:3.0rc8,ftw.usermanagement
1.5.2,egov:3.0rc8,ftw.workspace
2.2,egov:3.0rc8,ftwbook.graphicblock
4.3.6,egov:3.0rc8,izug.ticketbox
3.0b6,egov:3.0rc8,simplelayout.base
3.0b7,egov:3.0rc8,simplelayout.types.common
1.0.4,egov:3.0rc8,simplelayout.types.news
1.0c4,finanzen.bs:1.0c1,finanzen.policy
1.0c3,finanzen.bs:1.0c1,finanzen.theme
0.3.1,finanzen.bs:1.0c1,lovely.buildouthttp
1.0b1,ftw.publisher:1.0b1,ftw.publisher.core
1.0b1,ftw.publisher:1.0b1,ftw.publisher.sender
1.0b1,ftw.publisher:1.0b1,ftw.publisher.receiver
0.4.9,ftw.publisher:1.0b1,plone.app.z3cform
2.3.2,ftw.publisher:1.0b1,z3c.form
1.0c1,ftw.publisher:1.0c1,ftw.publisher.controlling
1.0c1,ftw.publisher:1.0c1,ftw.publisher.core
1.0c1,ftw.publisher:1.0c1,ftw.publisher.sender
1.0c3,ftw.publisher:1.0c2,ftw.publisher.core
1.0c4,ftw.publisher:1.0c2,ftw.publisher.sender
1.1,ftw.publisher:1.5,ftw.publisher.core
1.5,ftw.publisher:1.5,ftw.publisher.sender
1.3,ftw.publisher:1.5,ftw.publisher.receiver
3.1.0.1,izug:3.0.1,BeautifulSoup
1.4.1,izug:3.0.1,Products.AddRemoveWidget
1.6,izug:3.0.1,Products.DataGridField
1.8,izug:3.0.1,Products.LDAPMultiPlugins
2.13,izug:3.0.1,Products.LDAPUserFolder
1.1,izug:3.0.1,Products.PloneLDAP
3.9,izug:3.0.1,Products.PlonePAS
0.1.5,izug:3.0.1,StoneageHTML
1.1,izug:3.0.1,archetypes.schemaextender
0.3,izug:3.0.1,collective.recipe.filestorage
0.1b1,izug:3.0.1,collective.recipe.patch
1.0,izug:3.0.1,collective.recipe.zope2cluster
0.9.6b1,izug:3.0.1,cssutils
1.2.7-20070827-preview,izug:3.0.1,elementtree
1.0rc1,izug:3.0.1,experimental.contentcreation
0.5,izug:3.0.1,ftw.notification.base
0.3,izug:3.0.1,ftw.notification.email
0.1,izug:3.0.1,ftw.sendmail
2.8.0b1,izug:3.0.1,iw.fss
0.2.1,izug:3.0.1,iw.recipe.fss
0.6,izug:3.0.1,izug.arbeitsraum
0.3.5,izug:3.0.1,izug.bibliothek
0.2,izug:3.0.1,izug.billboard
0.1.2,izug:3.0.1,izug.block
0.4,izug:3.0.1,izug.blog
0.1,izug:3.0.1,izug.contentpage
0.5,izug:3.0.1,izug.dashboard
0.3.1,izug:3.0.1,izug.fckeditor
0.1.3,izug:3.0.1,izug.file
0.2,izug:3.0.1,izug.flowplayerblock
0.1,izug:3.0.1,izug.folder
0.1.1,izug:3.0.1,izug.graphicblock
0.1,izug:3.0.1,izug.greybox
0.1,izug:3.0.1,izug.journal
0.1.5,izug:3.0.1,izug.management
0.5,izug:3.0.1,izug.meeting
0.2,izug:3.0.1,izug.mystuff
0.1,izug:3.0.1,izug.news
0.1,izug:3.0.1,izug.orgunit
0.2,izug:3.0.1,izug.poodle
0.2,izug:3.0.1,izug.simplelayout
0.1,izug:3.0.1,izug.tagging
0.3,izug:3.0.1,izug.task
0.4.4,izug:3.0.1,izug.theme
0.1,izug:3.0.1,izug.utils
0.5,izug:3.0.1,izug.workflow
0.2.3,izug:3.0.1,lovely.buildouthttp
1.0,izug:3.0.1,plone.recipe.command
1.5,izug:3.0.1,plone.recipe.distros
1.3,izug:3.0.1,plone.recipe.zope2zeoserver
0.2.5,izug:3.0.1,plonegov.pdflatex
0.3.3,izug:3.0.1,plonegov.workflowmap
2.3.9,izug:3.0.1,python-ldap
2.2.4,izug:3.0.1,python-openid
3.8.7,izug:3.0.1,zope.testing
0.1.5,izug:3.1.0,StoneageHTML
1.0b2,izug:3.1.0,collective.monkeypatcher
1.0rc1,izug:3.1.0,experimental.contentcreation
0.5,izug:3.1.0,ftw.notification.base
0.3,izug:3.1.0,ftw.notification.email
0.1,izug:3.1.0,ftw.sendmail
1.0a1,izug:3.1.0,ftw.wftools
0.6,izug:3.1.0,izug.arbeitsraum
1.0.1,izug:3.1.0,izug.bibliothek
0.2,izug:3.1.0,izug.billboard
0.1.2,izug:3.1.0,izug.block
0.5,izug:3.1.0,izug.blog
0.1,izug:3.1.0,izug.contentpage
0.7,izug:3.1.0,izug.dashboard
0.3.2,izug:3.1.0,izug.fckeditor
0.1.4,izug:3.1.0,izug.file
0.2,izug:3.1.0,izug.flowplayerblock
0.1,izug:3.1.0,izug.folder
1.0,izug:3.1.0,izug.graphicblock
0.1,izug:3.1.0,izug.greybox
0.1,izug:3.1.0,izug.journal
0.1.5,izug:3.1.0,izug.management
0.6,izug:3.1.0,izug.meeting
3.1.0,izug:3.1.0,izug.policy
0.2,izug:3.1.0,izug.mystuff
0.1,izug:3.1.0,izug.news
0.1,izug:3.1.0,izug.orgunit
0.3,izug:3.1.0,izug.poodle
0.3,izug:3.1.0,izug.simplelayout
0.1,izug:3.1.0,izug.tagging
0.3,izug:3.1.0,izug.task
0.4.5,izug:3.1.0,izug.theme
0.1,izug:3.1.0,izug.utils
0.6,izug:3.1.0,izug.workflow
0.2.9,izug:3.1.0,plonegov.pdflatex
0.3,izug:3.1.0,plonegov.recipe.pdflatex
0.3.4,izug:3.1.0,plonegov.workflowmap
1.0.2,izug:3.1.1,izug.bibliothek
3.1.1,izug:3.1.1,izug.policy
0.2.1,izug:3.1.2,izug.billboard
3.1.2,izug:3.1.2,izug.policy
1.1,izug:3.1.2,izug.testtheme
1.2,izug:3.1.2,izug.devtheme
0.2-Zope2.9dev,izug:3.2-preview,Products.ClockServer
2.13,izug:3.2-preview,Products.LDAPUserFolder
2.0.2,izug:3.2-preview,Products.Maps
0.4.4,izug:3.2-preview,Products.MasterSelectWidget
1.0a1,izug:3.2-preview,collective.jqhistory
1.3.2.1,izug:3.2-preview,collective.js.jquery
1.7.2.7,izug:3.2-preview,collective.js.jqueryui
1.0a1,izug:3.2-preview,ftw.js.globals
1.0a1,izug:3.2-preview,ftw.js.statusmessages
0.4,izug:3.2-preview,ftw.notification.email
1.0a5,izug:3.2-preview,ftw.table
0.94,izug:3.2-preview,geopy
2.8.0rc1,izug:3.2-preview,iw.fss
1.2,izug:3.2-preview,izug.devtheme
3.1.2,izug:3.2-preview,izug.policy
1.1,izug:3.2-preview,izug.testtheme
1.0b1,izug:3.2-preview,plone.app.registry
1.0b3,izug:3.2-preview,plone.autoform
1.0b2,izug:3.2-preview,plone.registry
1.0b5,izug:3.2-preview,plone.supermodel
1.3,izug:3.2-preview,zope.browser
1.1c1,izug:3.2.1,ftw.notification.base
1.0c1,izug:3.2.1,ftw.tabbedview
1.1c1,izug:3.2.1,ftw.table
1.1c2,izug:3.2.1,izug.arbeitsraum
1.0c1,izug:3.2.1,izug.base
1.1c1,izug:3.2.1,izug.bibliothek
1.0c1,izug:3.2.1,izug.billboard
1.0c1,izug:3.2.1,izug.block
1.0c1,izug:3.2.1,izug.blog
1.0c2,izug:3.2.1,izug.contentpage
1.0c1,izug:3.2.1,izug.dashboard
1.0c4,izug:3.2.1,izug.file
1.0c1,izug:3.2.1,izug.flowplayerblock
1.2,izug:3.2.1,izug.graphicblock
0.3,izug:3.2.1,izug.journal
1.0c2,izug:3.2.1,izug.meeting
1.0c2,izug:3.2.1,izug.news
1.0c1,izug:3.2.1,izug.orgunit
3.2.1c2,izug:3.2.1,izug.policy
1.0c2,izug:3.2.1,izug.poodle
1.0,izug:3.2.1,izug.portlets
1.0c2,izug:3.2.1,izug.publisher
1.0c1,izug:3.2.1,izug.simplelayout
1.1c2,izug:3.2.1,izug.subsites
1.0a2,izug:3.2.1,izug.tagging
1.0c2,izug:3.2.1,izug.task
1.2,izug:3.2.1,izug.testtheme
1.0c3,izug:3.2.1,izug.theme
1.1c2,izug:3.2.1,izug.topics
1.0c1,izug:3.2.1,izug.utils
1.1c1,izug:3.2.1,izug.webcontent
1.0c1,izug:3.2.1,izug.workflow
1.0.1,izug:3.2.1,plone.browserlayer
1.1c1,izug:3.2.1,plonegov.pdflatex
0.3.5,izug:3.2.1,plonegov.workflowmap
1.0,izug:3.2.1,zug.kantonsratsvorlage
1.4.3,izug:3.2.1,zc.buildout
1.0c2,izug:3.2.2,ftw.publisher.controlling
1.0c4,izug:3.2.2,ftw.publisher.core
1.1,izug:3.2.2,ftw.publisher.sender
0.2,izug:3.2.2,ftw.sendmail
1.3,izug:3.2.2,izug.arbeitsraum
1.2,izug:3.2.2,izug.bibliothek
1.1,izug:3.2.2,izug.block
1.0c3,izug:3.2.2,izug.contentpage
1.0c3,izug:3.2.2,izug.dashboard
1.0c5,izug:3.2.2,izug.file
1.3,izug:3.2.2,izug.graphicblock
1.1,izug:3.2.2,izug.news
1.2,izug:3.2.2,izug.orgunit
3.2.2c1,izug:3.2.2,izug.policy
1.2,izug:3.2.2,izug.publisher
1.3,izug:3.2.2,izug.subsites
1.2.1,izug:3.2.2,izug.theme
1.2,izug:3.2.2,izug.webcontent
1.1,izug:3.2.2,izug.workflow
1.2,izug:3.2.2,plonegov.pdflatex
0.4,izug:3.2.2,plonegov.recipe.pdflatex
1.3,izug:3.2.2,izug.testtheme
0.6.3,izug:3.3.0,SQLAlchemy
2.0.3,izug:3.3.0,archetypes.schemaextender
1.3,izug:3.3.0,collective.saconnect
1.0a2,izug:3.3.0,ftw.js.statusmessages
1.1,izug:3.3.0,ftw.publisher.controlling
1.1,izug:3.3.0,ftw.publisher.core
1.1,izug:3.3.0,ftw.publisher.mailreport
1.0,izug:3.3.0,ftw.publisher.monitor
1.1,izug:3.3.0,ftw.publisher.receiver
1.3,izug:3.3.0,ftw.publisher.sender
1.0a2,izug:3.3.0,ftw.wftools
1.4,izug:3.3.0,izug.arbeitsraum
1.3,izug:3.3.0,izug.bibliothek
1.2,izug:3.3.0,izug.block
1.1,izug:3.3.0,izug.contentpage
1.4,izug:3.3.0,izug.devtheme
1.1,izug:3.3.0,izug.file
1.1,izug:3.3.0,izug.flowplayerblock
1.2,izug:3.3.0,izug.news
1.3,izug:3.3.0,izug.orgunit
3.2.3c1,izug:3.3.0,izug.policy
1.2.3,izug:3.3.0,izug.publisher
1.2.2,izug:3.3.0,izug.publisher
1.1,izug:3.3.0,izug.simplelayout
1.4,izug:3.3.0,izug.testtheme
1.3,izug:3.3.0,izug.theme
1.2,izug:3.3.0,izug.topics
1.3,izug:3.3.0,izug.webcontent
1.2,izug:3.3.0,izug.workflow
0.3.1,izug:3.3.0,lovely.buildouthttp
1.4,izug:3.3.0,plonegov.pdflatex
0.4,izug:3.3.0,suds
0.11,izug:3.3.0,z3c.saconfig
1.5.2,izug:3.3.0,zc.buildout
1.3.0,izug:3.3.0,zc.recipe.egg
0.6,izug:3.3.0,zope.sqlalchemy
1.5,izug:3.3.0,zug.shop
0.6.3,izug:3.3.1,SQLAlchemy
2.0.3,izug:3.3.1,archetypes.schemaextender
1.3,izug:3.3.1,collective.saconnect
1.0a2,izug:3.3.1,ftw.js.statusmessages
1.1,izug:3.3.1,ftw.publisher.controlling
1.1,izug:3.3.1,ftw.publisher.core
1.1,izug:3.3.1,ftw.publisher.mailreport
1.0,izug:3.3.1,ftw.publisher.monitor
1.2,izug:3.3.1,ftw.publisher.receiver
1.3,izug:3.3.1,ftw.publisher.sender
1.0a2,izug:3.3.1,ftw.wftools
1.4,izug:3.3.1,izug.arbeitsraum
1.3,izug:3.3.1,izug.bibliothek
1.2,izug:3.3.1,izug.block
1.1,izug:3.3.1,izug.contentpage
1.4,izug:3.3.1,izug.devtheme
1.2,izug:3.3.1,izug.file
1.1,izug:3.3.1,izug.flowplayerblock
1.2,izug:3.3.1,izug.news
1.3,izug:3.3.1,izug.orgunit
3.2.3c1,izug:3.3.1,izug.policy
1.2.3,izug:3.3.1,izug.publisher
1.2.2,izug:3.3.1,izug.publisher
1.1,izug:3.3.1,izug.simplelayout
1.4,izug:3.3.1,izug.testtheme
1.3,izug:3.3.1,izug.theme
1.2,izug:3.3.1,izug.topics
1.3,izug:3.3.1,izug.webcontent
1.2,izug:3.3.1,izug.workflow
0.3.1,izug:3.3.1,lovely.buildouthttp
1.4,izug:3.3.1,plonegov.pdflatex
0.4,izug:3.3.1,suds
0.11,izug:3.3.1,z3c.saconfig
1.5.2,izug:3.3.1,zc.buildout
1.3.0,izug:3.3.1,zc.recipe.egg
0.6,izug:3.3.1,zope.sqlalchemy
1.6,izug:3.3.1,zug.shop
1.2,izug:3.4.0,collective.mtrsetup
0.5,izug:3.4.0,ftw.notification.email
1.3,izug:3.4.0,ftw.publisher.receiver
0.4,izug:3.4.0,ftw.sendmail
1.5,izug:3.4.0,izug.arbeitsraum
1.4,izug:3.4.0,izug.bibliothek
1.0c2,izug:3.4.0,izug.billboard
1.3,izug:3.4.0,izug.block
1.0c4,izug:3.4.0,izug.dashboard
1.3,izug:3.4.0,izug.file
1.0c3,izug:3.4.0,izug.meeting
0.3,izug:3.4.0,izug.mystuff
3.4.0c1,izug:3.4.0,izug.policy
1.2,izug:3.4.0,izug.poodle
1.1,izug:3.4.0,izug.portlets
1.2.4,izug:3.4.0,izug.publisher
1.0c3,izug:3.4.0,izug.task
1.4,izug:3.4.0,izug.theme
1.1,izug:3.4.0,izug.ticketbox
1.3,izug:3.4.0,izug.topics
1.0,izug:3.4.0,izug.webservice
1.4.1,izug:3.4.0,izug.workflow
1.5,izug:3.4.0,plonegov.pdflatex
1.7,izug:3.4.0,zug.shop
1.0,izug:3.4.1,ftw.globalstatusmessage
1.6,izug:3.4.1,izug.arbeitsraum
1.6,izug:3.4.1,izug.bibliothek
0.1.6,izug:3.4.1,izug.management
3.4.1,izug:3.4.1,izug.policy
1.2.5,izug:3.4.1,izug.publisher
1.5,izug:3.4.1,izug.theme
1.2,izug:3.4.1,izug.ticketbox
1.5,izug:3.4.1,izug.workflow
0.6,izug:3.5.0,ftw.notification.email
1.5,izug:3.5.0,ftw.publisher.sender
1.7,izug:3.5.0,izug.arbeitsraum
1.8,izug:3.5.0,izug.bibliothek
1.7,izug:3.5.0,izug.block
1.1,izug:3.5.0,izug.blog
1.3,izug:3.5.0,izug.contentpage
1.2,izug:3.5.0,izug.dashboard
1.6,izug:3.5.0,izug.file
0.1.7,izug:3.5.0,izug.management
1.1,izug:3.5.0,izug.meeting
1.4,izug:3.5.0,izug.news
1.5,izug:3.5.0,izug.orgunit
3.5.0,izug:3.5.0,izug.policy
1.2.1,izug:3.5.0,izug.simplelayout
1.7,izug:3.5.0,izug.subsites
1.7,izug:3.5.0,izug.theme
1.3,izug:3.5.0,izug.ticketbox
1.6,izug:3.5.0,izug.topics
1.4,izug:3.5.0,izug.webcontent
1.1,izug:3.5.0,izug.webservice
1.6,izug:3.5.0,izug.workflow
2.3.13,izug:3.5.0,python-ldap
1.2,izug:3.5.0,zug.kantonsratsvorlage
1.9,izug:3.5.0,zug.shop
3.2.0,izug:3.5.1,BeautifulSoup
1.9,izug:3.5.1,izug.arbeitsraum
1.0a14,izug:3.5.1,izug.basetheme
1.9,izug:3.5.1,izug.bibliothek
1.0c3,izug:3.5.1,izug.billboard
1.2,izug:3.5.1,izug.blog
1.3,izug:3.5.1,izug.dashboard
1.7,izug:3.5.1,izug.file
0.2,izug:3.5.1,izug.greybox
1.2,izug:3.5.1,izug.meeting
0.4,izug:3.5.1,izug.mystuff
1.8,izug:3.5.1,izug.orgunit
3.5.2,izug:3.5.1,izug.policy
1.2,izug:3.5.1,izug.portlets
1.3,izug:3.5.1,izug.simplelayout
1.8,izug:3.5.1,izug.subsites
1.9,izug:3.5.1,izug.theme
1.5,izug:3.5.1,izug.ticketbox
1.7,izug:3.5.1,izug.topics
1.5,izug:3.5.1,izug.webcontent
1.3,izug:3.5.1,izug.webservice
1.8,izug:3.5.1,izug.workflow
1.3,izug:3.5.1,zug.kantonsratsvorlage
1.11,izug:3.5.1,zug.shop
1.2,izug:3.5.2,ftw.publisher.mailreport
1.5,izug:3.5.2,ftw.publisher.sender
1.10,izug:3.5.2,izug.arbeitsraum
1.0c2,izug:3.5.2,izug.base
1.0a20,izug:3.5.2,izug.basetheme
1.10,izug:3.5.2,izug.bibliothek
1.8,izug:3.5.2,izug.block
1.3,izug:3.5.2,izug.blog
0.3.3,izug:3.5.2,izug.fckeditor
1.8,izug:3.5.2,izug.file
1.3,izug:3.5.2,izug.meeting
1.5,izug:3.5.2,izug.news
3.5.3,izug:3.5.2,izug.policy
1.2.1,izug:3.5.2,izug.portlets
1.10,izug:3.5.2,izug.subsites
1.6,izug:3.5.2,izug.ticketbox
1.6,izug:3.5.2,izug.webcontent
1.4b1,izug:3.5.2,izug.webservice
1.8.1,izug:3.5.2,izug.workflow
1.4,izug:3.5.2,zug.kantonsratsvorlage
1.12,izug:3.5.2,zug.shop
1.3,izug:3.6.0,ftw.publisher.mailreport
1.11,izug:3.6.0,izug.arbeitsraum
1.0c3,izug:3.6.0,izug.base
1.0a24,izug:3.6.0,izug.basetheme
1.11,izug:3.6.0,izug.bibliothek
1.9,izug:3.6.0,izug.block
1.4,izug:3.6.0,izug.blog
1.4,izug:3.6.0,izug.dashboard
1.9,izug:3.6.0,izug.file
0.6,izug:3.6.0,izug.mystuff
1.9,izug:3.6.0,izug.orgunit
3.6.1,izug:3.6.0,izug.policy
1.2.2,izug:3.6.0,izug.portlets
1.5,izug:3.6.0,izug.testtheme
1.8,izug:3.6.0,izug.ticketbox
1.7,izug:3.6.0,izug.webcontent
1.9,izug:3.6.0,izug.workflow
1.5.1,izug:3.6.0,plonegov.pdflatex
1.0.3,izug:3.6.1,izug.basetheme
1.10,izug:3.6.1,izug.file
3.6.1.1,izug:3.6.1,izug.policy
1.9,izug:3.6.1,izug.webcontent
1.10,izug:3.6.1,izug.workflow
1.1.1,izug:3.6.1,transaction
1.13,izug:3.6.1,zug.shop
1.12,izug:3.6.1,izug.arbeitsraum
1.0.7,izug:3.6.2,izug.basetheme
1.10,izug:3.6.2,izug.orgunit
3.6.2,izug:3.6.2,izug.policy
1.10,izug:3.6.2,izug.webcontent
1.1,izug:3.7.0,izug.base
1.1.5,izug:3.7.0,izug.basetheme
3.7.0,izug:3.7.0,izug.policy
1.0.3,izug:3.7.0,ftw.bridge.client
1.3,izug:3.7.1,izug.basetheme
1.11,izug:3.7.1,izug.orgunit
1.12,izug:3.7.1,izug.webcontent
1.11,izug:3.7.1,izug.workflow
1.12,izug:3.7.2,izug.bibliothek
0.1.3,izug:develop-next,collective.actions.delete
1.5,izug:develop-next,izug.devtheme
1.5,izug:develop-next,izug.testtheme
1.0.0,og-celery:2.4,amqplib
0.3.1,og-celery:2.4,anyjson
1.2.1,og-celery:2.4,argparse
2.4.6,og-celery:2.4,celery
1.0,og-celery:2.4,collective.recipe.celery
0.17,og-celery:2.4,collective.recipe.supervisor
1.0.2,og-celery:2.4,importlib
2.1.0,og-celery:2.4,kombu
1.17,og-celery:2.4,mr.developer
1.1,og-celery:2.4,ordereddict
1.5.6,og-celery:2.4,pyparsing
1.5,og-celery:2.4,python-dateutil
2.0.0,og-celery:2.4,rod.recipe.rabbitmq
0.6c11,og-celery:2.4,setuptools
2.3.2,og-celery:2.4,simplejson
0.4,og-celery:2.4,suds
1.5.2,og-celery:2.4,zc.buildout
1.3.2,og-celery:2.4,zc.recipe.egg
2.0b13,opengever:2.0,opengever.task
0.6.6,opengever:2.0.1,SQLAlchemy
2.0b6,opengever:2.0.1,opengever.inbox
2.0b10,opengever:2.0.1,opengever.ogds.base
1.0a6,opengever:2.0.1,opengever.pdfconverter
2.0b4,opengever:2.0.1,opengever.theme
2.0a4,opengever:2.0.1,opengever.zugpolicy.base
2.3.13,opengever:2.0.1,python-ldap
0.6.6,opengever:2.0.1,sqlalchemy
1.5.0b2,opengever:2.0.1,RelStorage
2.0b10,opengever:2.0.2,opengever.base
2.0a3,opengever:2.0.2,opengever.docucomposer
2.0b13,opengever:2.0.2,opengever.document
2.0b14,opengever:2.0.2,opengever.dossier
2.0b7,opengever:2.0.2,opengever.inbox
2.0b8,opengever:2.0.2,opengever.konsulmigration
2.0b5,opengever:2.0.2,opengever.mail
2.0b11,opengever:2.0.2,opengever.ogds.base
1.0a7,opengever:2.0.2,opengever.pdfconverter
2.0a7,opengever:2.0.2,opengever.repository
2.0b15,opengever:2.0.2,opengever.tabbedview
2.0b15,opengever:2.0.2,opengever.task
1.3,opengever:2.0.3,collective.dexteritytextindexer
1.0a8,opengever:2.0.3,ftw.datepicker
1.0a4,opengever:2.0.3,ftw.dictstorage
1.0a8,opengever:2.0.3,ftw.mail
3.0b8,opengever:2.0.3,ftw.tabbedview
1.5,opengever:2.0.3,ftw.table
1.0a10,opengever:2.0.3,izug.basetheme
2.0b9,opengever:2.0.3,opengever.advancedsearch
2.0b12,opengever:2.0.3,opengever.base
2.0b7,opengever:2.0.3,opengever.contact
2.0a4,opengever:2.0.3,opengever.docucomposer
2.0b14,opengever:2.0.3,opengever.document
2.0b16,opengever:2.0.3,opengever.dossier
2.0b5,opengever:2.0.3,opengever.globalindex
2.0b8,opengever:2.0.3,opengever.inbox
2.0a9,opengever:2.0.3,opengever.journal
2.0b4,opengever:2.0.3,opengever.latex
2.0b8,opengever:2.0.3,opengever.mail
2.0b12,opengever:2.0.3,opengever.ogds.base
2.0a4,opengever:2.0.3,opengever.policy.base
2.0a8,opengever:2.0.3,opengever.repository
2.0b6,opengever:2.0.3,opengever.setup
2.0a5,opengever:2.0.3,opengever.sharing
2.0b16,opengever:2.0.3,opengever.tabbedview
2.0b17,opengever:2.0.3,opengever.task
2.0c5,opengever:2.0.3,opengever.tasktemplates
2.0a3,opengever:2.0.3,opengever.trash
1.0a2,opengever:2.0.3,opengever.upgrade
4.0,opengever:2.0.3,plone.app.testing
1.2.1-opengever-1,opengever:2.0.3,plone.formwidget.autocomplete
4.0.1,opengever:2.0.3,plone.testing
1.0a5,opengever:2.0.3,transmogrify.dexterity
3.1.0.1,opengever:2.0a1,BeautifulSoup
1.2.3,opengever:2.0a1,MySQL-python
1.2,opengever:2.0a1,Pillow
1.12,opengever:2.0a1,Products.LDAPMultiPlugins
2.18,opengever:2.0a1,Products.LDAPUserFolder
1.1,opengever:2.0a1,Products.PloneLDAP
1.5.0a1,opengever:2.0a1,RelStorage
0.6.5,opengever:2.0a1,SQLAlchemy
1.0b1,opengever:2.0a1,collective.autopermission
0.1.1,opengever:2.0a1,collective.blueprint.usersandgroups
0.2.2,opengever:2.0a1,collective.elephantvocabulary
1.0dev-r82790,opengever:2.0a1,collective.genericsetup.ldap
1.8.5.1,opengever:2.0a1,collective.js.jqueryui
1.0,opengever:2.0a1,collective.mtrsetup
1.0,opengever:2.0a1,collective.recipe.i18noverrides
1.2,opengever:2.0a1,collective.transmogrifier
0.1.1,opengever:2.0a1,collective.vdexvocabulary
5.0.4,opengever:2.0a1,cx-Oracle
1.2,opengever:2.0a1,dataflake.cache
1.2,opengever:2.0a1,dataflake.ldapconnection
1.1,opengever:2.0a1,elementtreewriter
1.0,opengever:2.0a1,five.globalrequest
3.2,opengever:2.0a1,i18ndude
1.0,opengever:2.0a1,imsvdex
0.1,opengever:2.0a1,ipdb
0.10.1,opengever:2.0a1,ipython
1.0b2,opengever:2.0a1,plone.app.registry
1.0a2,opengever:2.0a1,plone.app.testing
1.1,opengever:2.0a1,plone.app.transmogrifier
1.0b1,opengever:2.0a1,plone.app.versioningbehavior
1.0b1,opengever:2.0a1,plone.principalsource
1.0b2,opengever:2.0a1,plone.registry
1.0a2,opengever:2.0a1,plone.testing
0.4,opengever:2.0a1,plonegov.recipe.pdflatex
2.3.12,opengever:2.0a1,python-ldap
1.0.1,opengever:2.0a1,transmogrify.sqlalchemy
1.1.1,opengever:2.0a1,vs.genericsetup.ldap
0.5.6,opengever:2.0a1,z3c.ptcompat
0.12,opengever:2.0a1,z3c.saconfig
0.6,opengever:2.0a1,zope.sqlalchemy
1.0a2,opengever:2.0a2,collective.jqcookie
1.0a2,opengever:2.0a2,collective.js.extjs
2.0a2,opengever:2.0a2,ftw.contentmenu
1.0a3,opengever:2.0a2,ftw.datepicker
1.0a1,opengever:2.0a2,ftw.dictstorage
1.1,opengever:2.0a2,ftw.journal
1.0a3,opengever:2.0a2,ftw.mail
3.0a1,opengever:2.0a2,ftw.tabbedview
1.1c3,opengever:2.0a2,ftw.table
1.0a4,opengever:2.0a2,ftw.treeview
2.0a1,opengever:2.0a2,opengever.advancedsearch
2.0a1,opengever:2.0a2,opengever.base
2.0a1,opengever:2.0a2,opengever.contact
2.0a1,opengever:2.0a2,opengever.document
2.0a1,opengever:2.0a2,opengever.dossier
2.0a1,opengever:2.0a2,opengever.examplecontent
2.0a1,opengever:2.0a2,opengever.globalindex
2.0a1,opengever:2.0a2,opengever.inbox
2.0a1,opengever:2.0a2,opengever.journal
2.0a1,opengever:2.0a2,opengever.konsulmigration
2.0a1,opengever:2.0a2,opengever.latex
2.0a1,opengever:2.0a2,opengever.mail
2.0a1,opengever:2.0a2,opengever.ogds.base
2.0a1,opengever:2.0a2,opengever.policy.base
2.0a1,opengever:2.0a2,opengever.portlets.tree
2.0a1,opengever:2.0a2,opengever.repository
2.0a1,opengever:2.0a2,opengever.setup
2.0a1,opengever:2.0a2,opengever.sharing
2.0a1,opengever:2.0a2,opengever.tabbedview
2.0a1,opengever:2.0a2,opengever.task
2.0a1,opengever:2.0a2,opengever.tasktemplates
2.0a1,opengever:2.0a2,opengever.testtheme
2.0a1,opengever:2.0a2,opengever.theme
2.0a1,opengever:2.0a2,opengever.trash
1.3,opengever:2.0a2,plonegov.pdflatex
1.0a1,opengever:2.0a2,transmogrifiy.sqlinserter
1.0a3,opengever:2.0a3,collective.js.extjs
1.0a4,opengever:2.0a3,ftw.datepicker
1.0a2,opengever:2.0a3,ftw.dictstorage
1.2,opengever:2.0a3,ftw.journal
1.0a2,opengever:2.0a3,ftw.js.statusmessages
1.0a4,opengever:2.0a3,ftw.mail
3.0a2,opengever:2.0a3,ftw.tabbedview
1.1c4,opengever:2.0a3,ftw.table
1.0a5,opengever:2.0a3,ftw.treeview
2.0a2,opengever:2.0a3,opengever.advancedsearch
2.0a2,opengever:2.0a3,opengever.base
2.0a2,opengever:2.0a3,opengever.contact
2.0a2,opengever:2.0a3,opengever.devtheme
2.0a2,opengever:2.0a3,opengever.document
2.0a2,opengever:2.0a3,opengever.dossier
2.0a2,opengever:2.0a3,opengever.examplecontent
2.0a2,opengever:2.0a3,opengever.globalindex
2.0a2,opengever:2.0a3,opengever.inbox
2.0a2,opengever:2.0a3,opengever.journal
2.0a2,opengever:2.0a3,opengever.konsulmigration
2.0a2,opengever:2.0a3,opengever.latex
2.0a2,opengever:2.0a3,opengever.mail
2.0b1,opengever:2.0a3,opengever.ogds.base
2.0a2,opengever:2.0a3,opengever.policy.base
2.0a2,opengever:2.0a3,opengever.portlets.tree
2.0a2,opengever:2.0a3,opengever.repository
2.0a2,opengever:2.0a3,opengever.setup
2.0a2,opengever:2.0a3,opengever.sharing
1.0a1,opengever:2.0a3,opengever.sqliteconfig
2.0a2,opengever:2.0a3,opengever.tabbedview
2.0a2,opengever:2.0a3,opengever.task
2.0a2,opengever:2.0a3,opengever.tasktemplates
2.0a2,opengever:2.0a3,opengever.testtheme
2.0a2,opengever:2.0a3,opengever.theme
2.0a2,opengever:2.0a3,opengever.trash
1.0a3,opengever:2.0a3,transmogrify.sqlinserter
2.0a3,opengever:2.0b1,opengever.base
1.0b1,opengever:2.0b2,collective.js.extjs
1.0,opengever:2.0b2,collective.js.throttledebounce
2.0b1,opengever:2.0b2,opengever.advancedsearch
2.0b1,opengever:2.0b2,opengever.base
2.0b1,opengever:2.0b2,opengever.contact
2.0b1,opengever:2.0b2,opengever.document
2.0b1,opengever:2.0b2,opengever.dossier
2.0b1,opengever:2.0b2,opengever.examplecontent
2.0b1,opengever:2.0b2,opengever.mail
2.0b2,opengever:2.0b2,opengever.ogds.base
2.0b1,opengever:2.0b2,opengever.tabbedview
1.0b2,opengever:2.0b3,collective.js.extjs
1.0a5,opengever:2.0b3,ftw.datepicker
3.0b1,opengever:2.0b3,ftw.tabbedview
1.1c5,opengever:2.0b3,ftw.table
2.0b2,opengever:2.0b3,opengever.base
2.0a2,opengever:2.0b3,opengever.docucomposer
2.0b2,opengever:2.0b3,opengever.document
2.0b2,opengever:2.0b3,opengever.dossier
2.0b3,opengever:2.0b3,opengever.examplecontent
2.0b1,opengever:2.0b3,opengever.globalindex
2.0b1,opengever:2.0b3,opengever.konsulmigration
2.0b1,opengever:2.0b3,opengever.latex
2.0b2,opengever:2.0b3,opengever.setup
2.0b2,opengever:2.0b3,opengever.tabbedview
2.0b2,opengever:2.0b3,opengever.task
2.0b2,opengever:2.0b3,opengever.theme
1.2-opengever-2,opengever:2.0b3,plone.formwidget.autocomplete
1.4,opengever:2.0b3,plonegov.pdflatex
3.0b2,opengever:2.0b4,ftw.tabbedview
1.1c7,opengever:2.0b4,ftw.table
2.0b3,opengever:2.0b4,opengever.base
2.0b3,opengever:2.0b4,opengever.contact
2.0b3,opengever:2.0b4,opengever.document
2.0b4,opengever:2.0b4,opengever.dossier
2.0b4,opengever:2.0b4,opengever.examplecontent
2.0a3,opengever:2.0b4,opengever.journal
2.0a3,opengever:2.0b4,opengever.repository
2.0b3,opengever:2.0b4,opengever.task
2.0c1,opengever:2.0b4,opengever.tasktemplates
1.0a4,opengever:2.0b4,transmogrify.sqlinserter
1.0b2,opengever:2.0b5,collective.dexteritytextindexer
1.0a3,opengever:2.0b5,collective.jqcookie
3.0b3,opengever:2.0b5,ftw.tabbedview
1.1c8,opengever:2.0b5,ftw.table
2.0b4,opengever:2.0b5,opengever.base
2.0b5,opengever:2.0b5,opengever.dossier
2.0b3,opengever:2.0b5,opengever.tabbedview
2.0a3,opengever:2.0b5,ftw.contentmenu
2.0b4,opengever:2.0b5,opengever.document
2.0b3,opengever:2.0b5,opengever.ogds.base
2.0b4,opengever:2.0b5,opengever.task
2.0c2,opengever:2.0b5,opengever.tasktemplates
1.0,opengever:2.0b6,collective.dexteritytextindexer
1.0a6,opengever:2.0b6,ftw.datepicker
2.0b5,opengever:2.0b6,opengever.document
1.0a1,opengever:2.0b6,opengever.pdfconverter
2.0b4,opengever:2.0b6,opengever.tabbedview
2.0b5,opengever:2.0b6,opengever.task
2.0c3,opengever:2.0b6,opengever.tasktemplates
2.0b2,opengever:2.0b7,opengever.advancedsearch
2.0b6,opengever:2.0b7,opengever.document
2.0b1,opengever:2.0b7,opengever.inbox
2.0b2,opengever:2.0b7,opengever.konsulmigration
2.0b4,opengever:2.0b7,opengever.ogds.base
2.0b5,opengever:2.0b7,opengever.tabbedview
2.0b6,opengever:2.0b7,opengever.task
1.1,opengever:2.0b8,collective.dexteritytextindexer
1.0a3,opengever:2.0b8,ftw.dictstorage
3.0b4,opengever:2.0b8,ftw.tabbedview
1.1c9,opengever:2.0b8,ftw.table
2.0b3,opengever:2.0b8,opengever.advancedsearch
2.0b6,opengever:2.0b8,opengever.base
2.0b4,opengever:2.0b8,opengever.contact
2.0b6,opengever:2.0b8,opengever.dossier
2.0b2,opengever:2.0b8,opengever.globalindex
2.0a4,opengever:2.0b8,opengever.journal
2.0b3,opengever:2.0b8,opengever.konsulmigration
2.0b5,opengever:2.0b8,opengever.ogds.base
2.0b7,opengever:2.0b8,opengever.tabbedview
2.0b7,opengever:2.0b8,opengever.task
1.2-opengever-3,opengever:2.0b8,plone.formwidget.autocomplete
2.0a3,opengever:2.0b8,opengever.policy.base
2.0a4,opengever:2.0b8,opengever.repository
2.0b3,opengever:2.0b8,opengever.setup
2.0a3,opengever:2.0b8,opengever.sharing
1.0a7,opengever:2.0b9,ftw.datepicker
1.0a5,opengever:2.0b9,ftw.mail
3.0b5,opengever:2.0b9,ftw.tabbedview
1.1c10,opengever:2.0b9,ftw.table
1.0a3,opengever:2.0b9,izug.basetheme
2.0b4,opengever:2.0b9,opengever.advancedsearch
2.0b7,opengever:2.0b9,opengever.base
2.0a3,opengever:2.0b9,opengever.devtheme
2.0b8,opengever:2.0b9,opengever.document
2.0b7,opengever:2.0b9,opengever.dossier
2.0a6,opengever:2.0b9,opengever.journal
2.0b5,opengever:2.0b9,opengever.konsulmigration
2.0b2,opengever:2.0b9,opengever.latex
2.0b2,opengever:2.0b9,opengever.mail
2.0a4,opengever:2.0b9,opengever.sharing
2.0b9,opengever:2.0b9,opengever.tabbedview
2.0b8,opengever:2.0b9,opengever.task
2.0c4,opengever:2.0b9,opengever.tasktemplates
2.0b3,opengever:2.0b9,opengever.theme
1.0a6,opengever:2.0c1,ftw.mail
3.0b6,opengever:2.0c1,ftw.tabbedview
1.1c11,opengever:2.0c1,ftw.table
1.0a4,opengever:2.0c1,izug.basetheme
2.0b5,opengever:2.0c1,opengever.advancedsearch
2.0b8,opengever:2.0c1,opengever.base
2.0b5,opengever:2.0c1,opengever.contact
2.0b9,opengever:2.0c1,opengever.document
2.0b8,opengever:2.0c1,opengever.dossier
2.0b5,opengever:2.0c1,opengever.examplecontent
2.0b3,opengever:2.0c1,opengever.globalindex
2.0b2,opengever:2.0c1,opengever.inbox
2.0a7,opengever:2.0c1,opengever.journal
2.0b6,opengever:2.0c1,opengever.konsulmigration
2.0b3,opengever:2.0c1,opengever.mail
2.0b6,opengever:2.0c1,opengever.ogds.base
1.0a2,opengever:2.0c1,opengever.pdfconverter
2.0b4,opengever:2.0c1,opengever.setup
2.0b10,opengever:2.0c1,opengever.tabbedview
2.0b9,opengever:2.0c1,opengever.task
1.0a7,opengever:2.0c2,ftw.mail
1.2,opengever:2.0c2,ftw.table
1.0a6,opengever:2.0c2,izug.basetheme
2.0b6,opengever:2.0c2,opengever.advancedsearch
2.0b9,opengever:2.0c2,opengever.base
2.0b6,opengever:2.0c2,opengever.contact
2.0b10,opengever:2.0c2,opengever.document
2.0b9,opengever:2.0c2,opengever.dossier
2.0b3,opengever:2.0c2,opengever.inbox
2.0b7,opengever:2.0c2,opengever.ogds.base
1.0a3,opengever:2.0c2,opengever.pdfconverter
2.0a5,opengever:2.0c2,opengever.repository
2.0b5,opengever:2.0c2,opengever.setup
2.0b11,opengever:2.0c2,opengever.tabbedview
2.0b10,opengever:2.0c2,opengever.task
1.2,opengever:2.0c3,collective.dexteritytextindexer
1.0a7,opengever:2.0c3,izug.basetheme
2.0b7,opengever:2.0c3,opengever.advancedsearch
2.0b11,opengever:2.0c3,opengever.document
2.0b11,opengever:2.0c3,opengever.dossier
2.0b4,opengever:2.0c3,opengever.inbox
2.0a8,opengever:2.0c3,opengever.journal
2.0b7,opengever:2.0c3,opengever.konsulmigration
1.0a4,opengever:2.0c3,opengever.pdfconverter
2.0a6,opengever:2.0c3,opengever.repository
2.0b12,opengever:2.0c3,opengever.tabbedview
2.0b11,opengever:2.0c3,opengever.task
1.2,opengever:2.0c4,collective.dexteritytextindexer
3.0b7,opengever:2.0c4,ftw.tabbedview
1.3,opengever:2.0c4,ftw.table
1.0a8,opengever:2.0c4,izug.basetheme
2.0b7,opengever:2.0c4,opengever.advancedsearch
2.0b12,opengever:2.0c4,opengever.document
2.0b12,opengever:2.0c4,opengever.dossier
2.0b4,opengever:2.0c4,opengever.globalindex
2.0b5,opengever:2.0c4,opengever.inbox
2.0a8,opengever:2.0c4,opengever.journal
2.0b7,opengever:2.0c4,opengever.konsulmigration
2.0b3,opengever:2.0c4,opengever.latex
2.0b4,opengever:2.0c4,opengever.mail
2.0b9,opengever:2.0c4,opengever.ogds.base
1.0a5,opengever:2.0c4,opengever.pdfconverter
2.0a6,opengever:2.0c4,opengever.repository
2.0b14,opengever:2.0c4,opengever.tabbedview
2.0b12,opengever:2.0c4,opengever.task
3.2.0,opengever:2.1,BeautifulSoup
1.8.13.1,opengever:2.1,collective.js.jqueryui
1.1,opengever:2.1,collective.js.throttledebounce
1.2,opengever:2.1,collective.mtrsetup
1.3,opengever:2.1,collective.transmogrifier
5.1,opengever:2.1,cx-Oracle
1.2,opengever:2.1,plone.app.transmogrifier
1.0.2,opengever:2.1,plone.formwidget.contenttree
1.0.1,opengever:2.1,plone.formwidget.namedfile
1.14,opengever:2.1,Products.LDAPMultiPlugins
2.20,opengever:2.1,Products.LDAPUserFolder
2.4.3,opengever:2.1,python-ldap
1.5.0,opengever:2.1,RelStorage
1.2,opengever:2.1,vs.genericsetup.ldap
0.6.1,opengever:2.1,zope.sqlalchemy
3.2.0,opengever:2.2,BeautifulSoup
1.2.3,opengever:2.2,MySQL-python
2.1.4,opengever:2.2,Products.CMFEditions
1.14,opengever:2.2,Products.LDAPMultiPlugins
2.20,opengever:2.2,Products.LDAPUserFolder
1.1,opengever:2.2,Products.PloneHotfix20110928
1.1,opengever:2.2,Products.PloneLDAP
0.6.8,opengever:2.2,SQLAlchemy
1.0.0,opengever:2.2,amqplib
0.3.1,opengever:2.2,anyjson
1.0b2,opengever:2.2,collective.autopermission
0.1.1,opengever:2.2,collective.blueprint.jsonmigrator
0.1.1,opengever:2.2,collective.blueprint.usersandgroups
1.4.1,opengever:2.2,collective.dexteritytextindexer
0.2.2,opengever:2.2,collective.elephantvocabulary
1.0a3,opengever:2.2,collective.jqcookie
1.0,opengever:2.2,collective.js.extjs
1.8.13.1,opengever:2.2,collective.js.jqueryui
1.1,opengever:2.2,collective.js.throttledebounce
1.2,opengever:2.2,collective.mtrsetup
1.0,opengever:2.2,collective.recipe.celery
1.3,opengever:2.2,collective.transmogrifier
0.1.1,opengever:2.2,collective.vdexvocabulary
1.2,opengever:2.2,dataflake.cache
1.2,opengever:2.2,dataflake.ldapconnection
1.1,opengever:2.2,elementtreewriter
2.0,opengever:2.2,ftw.contentmenu
1.0,opengever:2.2,ftw.datepicker
1.0,opengever:2.2,ftw.dictstorage
1.2.1,opengever:2.2,ftw.journal
1.0,opengever:2.2,ftw.js.statusmessages
1.0,opengever:2.2,ftw.mail
3.0,opengever:2.2,ftw.tabbedview
1.7.1,opengever:2.2,ftw.table
1.0,opengever:2.2,ftw.treeview
1.0,opengever:2.2,imsvdex
1.0.1,opengever:2.2,izug.basetheme
1.19,opengever:2.2,mr.developer
2.0,opengever:2.2,opengever.advancedsearch
2.1,opengever:2.2,opengever.base
2.0,opengever:2.2,opengever.contact
2.0.1,opengever:2.2,opengever.document
2.0.2,opengever:2.2,opengever.dossier
2.0.1,opengever:2.2,opengever.examplecontent
2.0.1,opengever:2.2,opengever.globalindex
2.0,opengever:2.2,opengever.inbox
2.0,opengever:2.2,opengever.journal
2.0.1,opengever:2.2,opengever.latex
2.0,opengever:2.2,opengever.mail
1.0,opengever:2.2,opengever.mysqlconfig
2.0,opengever:2.2,opengever.ogds.base
1.0,opengever:2.2,opengever.ogds.models
2.0.1,opengever:2.2,opengever.policy.base
2.0,opengever:2.2,opengever.portlets.tree
2.0.1,opengever:2.2,opengever.repository
2.1.1,opengever:2.2,opengever.setup
2.0.2,opengever:2.2,opengever.sharing
1.0,opengever:2.2,opengever.sqliteconfig
2.0.2,opengever:2.2,opengever.tabbedview
2.0.1,opengever:2.2,opengever.task
2.0.1,opengever:2.2,opengever.tasktemplates
2.0,opengever:2.2,opengever.trash
1.1,opengever:2.2,opengever.upgrade
1.2,opengever:2.2,plone.app.transmogrifier
1.0,opengever:2.2,plone.app.versioningbehavior
1.2.1-opengever-1.1,opengever:2.2,plone.formwidget.autocomplete
1.0b1,opengever:2.2,plone.principalsource
1.5.1,opengever:2.2,plonegov.pdflatex
0.5,opengever:2.2,plonegov.recipe.pdflatex
1.5.6,opengever:2.2,pyparsing
2.3.13,opengever:2.2,python-ldap
1.0,opengever:2.2,transmogrify.dexterity
1.0.1,opengever:2.2,transmogrify.sqlalchemy
1.2,opengever:2.2,vs.genericsetup.ldap
0.7.2,opengever:2.2,xlwt
0.6.3,opengever:2.2,z3c.jbot
0.5.7,opengever:2.2,z3c.ptcompat
0.13,opengever:2.2,z3c.saconfig
0.6.1,opengever:2.2,zope.sqlalchemy
2.0.2,opengever:2.2.1,opengever.ogds.base
2.0.3,opengever:2.2.1,opengever.sharing
2.0.3,opengever:2.2.1,opengever.tabbedview
2.0.3,opengever:2.3,ftw.contentmenu
1.2.4,opengever:2.3,ftw.journal
1.0.1,opengever:2.3,ftw.mail
1.0b2,opengever:2.3,ftw.pdfgenerator
3.1.1,opengever:2.3,ftw.tabbedview
1.7.4,opengever:2.3,ftw.table
1.0.1,opengever:2.3,ftw.treeview
1.0.5,opengever:2.3,izug.basetheme
2.1,opengever:2.3,opengever.advancedsearch
2.3,opengever:2.3,opengever.base
2.1,opengever:2.3,opengever.contact
2.0.1,opengever:2.3,opengever.docucomposer
2.0.2,opengever:2.3,opengever.document
2.0.3,opengever:2.3,opengever.dossier
2.0.3,opengever:2.3,opengever.globalindex
2.1,opengever:2.3,opengever.inbox
2.0.1,opengever:2.3,opengever.journal
2.1.2,opengever:2.3,opengever.latex
2.0.1,opengever:2.3,opengever.mail
2.0.3,opengever:2.3,opengever.ogds.base
1.0.2,opengever:2.3,opengever.pdfconverter
2.0.2,opengever:2.3,opengever.policy.base
2.0.2,opengever:2.3,opengever.repository
2.1.2,opengever:2.3,opengever.setup
2.0.4,opengever:2.3,opengever.sharing
2.1.1,opengever:2.3,opengever.tabbedview
2.3.2,opengever:2.3,opengever.task
2.0.2,opengever:2.3,opengever.tasktemplates
2.0.1,opengever:2.3,opengever.trash
1.1,opengever:2.3.1,ftw.dictstorage
3.1.5,opengever:2.3.1,ftw.tabbedview
1.7.7,opengever:2.3.1,ftw.table
1.0.2,opengever:2.3.1,ftw.mail
1.0.4,opengever:2.3.1,opengever.async
2.4,opengever:2.3.1,opengever.base
2.2,opengever:2.3.1,opengever.contact
2.0.2,opengever:2.3.1,opengever.docucomposer
2.0.3,opengever:2.3.1,opengever.document
2.0.4,opengever:2.3.1,opengever.dossier
2.0.4,opengever:2.3.1,opengever.globalindex
2.0.2,opengever:2.3.1,opengever.journal
2.1.3,opengever:2.3.1,opengever.latex
2.0.2,opengever:2.3.1,opengever.mail
2.0.4,opengever:2.3.1,opengever.ogds.base
2.1.3,opengever:2.3.1,opengever.setup
2.1.2,opengever:2.3.1,opengever.tabbedview
2.3.4,opengever:2.3.1,opengever.task
2.0.3,opengever:2.3.1,opengever.tasktemplates
2.0.2,opengever:2.3.1,opengever.trash
1.2,opengever:2.3.1,opengever.upgrade
1.1.2,opengever:2.3.2,ftw.pdfgenerator
2.1.6,opengever:2.3.2,opengever.latex
2.0.3,opengever:2.3.2,opengever.mail
1.1,opengever:2.4,collective.js.extjs
1.5.1,opengever:2.4,collective.quickupload
1.0.1,opengever:2.4,ftw.datepicker
1.0.3,opengever:2.4,ftw.mail
1.2.3,opengever:2.4,ftw.pdfgenerator
3.2.6,opengever:2.4,ftw.tabbedview
1.7.9,opengever:2.4,ftw.table
1.1.9,opengever:2.4,izug.basetheme
2.1.1,opengever:2.4,opengever.advancedsearch
1.0.5,opengever:2.4,opengever.async
2.5.2,opengever:2.4,opengever.base
2.3,opengever:2.4,opengever.contact
2.1,opengever:2.4,opengever.devtheme
2.3,opengever:2.4,opengever.document
2.1.4,opengever:2.4,opengever.dossier
2.0.8,opengever:2.4,opengever.globalindex
2.2,opengever:2.4,opengever.inbox
2.0.3,opengever:2.4,opengever.journal
2.1.8,opengever:2.4,opengever.latex
2.0.7,opengever:2.4,opengever.mail
2.0.5,opengever:2.4,opengever.ogds.base
1.0.5,opengever:2.4,opengever.pdfconverter
2.2,opengever:2.4,opengever.policy.base
2.0.3,opengever:2.4,opengever.repository
2.1.3,opengever:2.4,opengever.setup
2.2.5,opengever:2.4,opengever.tabbedview
2.4.3,opengever:2.4,opengever.task
2.0.4,opengever:2.4,opengever.tasktemplates
2.0.1,opengever:2.4,opengever.testtheme
2.0.3,opengever:2.4,opengever.trash
1.0.2,opengever:2.4.1,ftw.datepicker
1.0.4,opengever:2.4.1,ftw.mail
1.2.1,opengever:2.4.1,izug.basetheme
2.1.2,opengever:2.4.1,opengever.advancedsearch
2.5.3,opengever:2.4.1,opengever.base
2.3.2,opengever:2.4.1,opengever.document
2.1.6,opengever:2.4.1,opengever.dossier
2.1,opengever:2.4.1,opengever.mail
1.0.1,opengever:2.4.1,opengever.mysqlconfig
2.0.6,opengever:2.4.1,opengever.ogds.base
1.2.2,opengever:2.4.2,izug.basetheme
2.5.5,opengever:2.4.2,opengever.base
3.2.1,opengever:2.5,BeautifulSoup
1.2.3,opengever:2.5,MySQL-python
1.14,opengever:2.5,Products.LDAPMultiPlugins
2.23,opengever:2.5,Products.LDAPUserFolder
1.1,opengever:2.5,Products.PloneLDAP
1.5.1,opengever:2.5,RelStorage
0.7.9,opengever:2.5,SQLAlchemy
1.0b2,opengever:2.5,collective.autopermission
0.1.1,opengever:2.5,collective.blueprint.jsonmigrator
0.1.3,opengever:2.5,collective.blueprint.usersandgroups
1.5,opengever:2.5,collective.dexteritytextindexer
0.2.2,opengever:2.5,collective.elephantvocabulary
1.0a3,opengever:2.5,collective.jqcookie
1.2,opengever:2.5,collective.js.extjs
1.8.13.1,opengever:2.5,collective.js.jqueryui
1.1,opengever:2.5,collective.js.throttledebounce
1.2,opengever:2.5,collective.mtrsetup
1.5.6,opengever:2.5,collective.quickupload
0.1,opengever:2.5,collective.recipe.shelloutput
0.17,opengever:2.5,collective.recipe.supervisor
1.3,opengever:2.5,collective.transmogrifier
1.2,opengever:2.5,collective.usernamelogger
0.1.1,opengever:2.5,collective.vdexvocabulary
5.1,opengever:2.5,cx-Oracle
1.4,opengever:2.5,dataflake.cache
1.5,opengever:2.5,dataflake.ldapconnection
1.1,opengever:2.5,elementtreewriter
2.2,opengever:2.5,ftw.contentmenu
1.0.3,opengever:2.5,ftw.datepicker
1.2,opengever:2.5,ftw.dictstorage
1.2.5,opengever:2.5,ftw.journal
1.0,opengever:2.5,ftw.js.statusmessages
1.0.4,opengever:2.5,ftw.mail
1.2.4,opengever:2.5,ftw.pdfgenerator
3.3.2,opengever:2.5,ftw.tabbedview
1.8.2,opengever:2.5,ftw.table
1.1,opengever:2.5,ftw.tooltip
1.0.2,opengever:2.5,ftw.treeview
1.0.2,opengever:2.5,importlib
1.0,opengever:2.5,imsvdex
1.4.3,opengever:2.5,izug.basetheme
1.22,opengever:2.5,mr.developer
2.2.1,opengever:2.5,opengever.advancedsearch
1.1,opengever:2.5,opengever.async
2.6.4,opengever:2.5,opengever.base
2.4,opengever:2.5,opengever.contact
2.2,opengever:2.5,opengever.devtheme
2.1,opengever:2.5,opengever.docucomposer
2.4.5,opengever:2.5,opengever.document
2.3,opengever:2.5,opengever.dossier
2.1,opengever:2.5,opengever.globalindex
2.3,opengever:2.5,opengever.inbox
2.1,opengever:2.5,opengever.journal
2.2.1,opengever:2.5,opengever.latex
2.2,opengever:2.5,opengever.mail
1.1,opengever:2.5,opengever.mysqlconfig
2.1,opengever:2.5,opengever.ogds.base
1.0,opengever:2.5,opengever.ogds.models
1.1.1,opengever:2.5,opengever.pdfconverter
2.3,opengever:2.5,opengever.policy.base
2.1,opengever:2.5,opengever.portlets.tree
2.0.3,opengever:2.5,opengever.repository
2.1.4,opengever:2.5,opengever.setup
2.1,opengever:2.5,opengever.sharing
2.3.1,opengever:2.5,opengever.tabbedview
2.5,opengever:2.5,opengever.task
2.1,opengever:2.5,opengever.tasktemplates
2.1,opengever:2.5,opengever.testtheme
2.0.3,opengever:2.5,opengever.trash
1.1,opengever:2.5,ordereddict
1.2,opengever:2.5,plone.app.transmogrifier
1.2.1-opengever-1.2,opengever:2.5,plone.formwidget.autocomplete
1.0.6,opengever:2.5,plone.formwidget.contenttree
1.0b1,opengever:2.5,plone.principalsource
1.5.1,opengever:2.5,plonegov.pdflatex
0.5,opengever:2.5,plonegov.recipe.pdflatex
1.5.6,opengever:2.5,pyparsing
2.3.13,opengever:2.5,python-ldap
0.7,opengever:2.5,superlance
3.0b1,opengever:2.5,supervisor
1.0,opengever:2.5,transmogrify.dexterity
1.0.1,opengever:2.5,transmogrify.sqlalchemy
1.1,opengever:2.5,transmogrify.sqlinserter
1.0,opengever:2.5,transmogrify.sqlinserter
1.2,opengever:2.5,vs.genericsetup.ldap
0.7.4,opengever:2.5,xlwt
0.7.1,opengever:2.5,z3c.jbot
0.13,opengever:2.5,z3c.saconfig
0.7.1,opengever:2.5,zope.sqlalchemy
1.3.4,opengever-phvs:2.4.1,ftw.dashboard.dragndrop
2.0.1,opengever-phvs:2.4.1,ftw.dashboard.portlets.favourites
1.3.3,opengever-phvs:2.4.1,ftw.dashboard.portlets.postit
1.2.5,opengever-phvs:2.4.1,ftw.dashboard.portlets.recentlymodified
1.0.2,opengever-phvs:2.4.1,opengever.phvs
1.1.1,opengever-phvs:2.4.2,opengever.phvs
1.3.4,opengever-phvs:2.5,ftw.dashboard.dragndrop
2.0.1,opengever-phvs:2.5,ftw.dashboard.portlets.favourites
1.3.3,opengever-phvs:2.5,ftw.dashboard.portlets.postit
1.2.5,opengever-phvs:2.5,ftw.dashboard.portlets.recentlymodified
1.1.1,opengever-phvs:2.5,opengever.phvs
2.0a2,opengever-zug:2.0,opengever.zug.skarr
2.0a4,opengever-zug:2.0.1,opengever.zugpolicy.base
1.0a9,opengever-zug:2.0.3,opengever.pdfconverter
2.0b7,opengever-zug:2.0.3,opengever.zug.bdarp
2.0a3,opengever-zug:2.0.3,opengever.zug.bdbds
2.0a4,opengever-zug:2.0.3,opengever.zug.digva
2.0a2,opengever-zug:2.0.3,opengever.zug.gdgea
2.0b2,opengever-zug:2.0.3,opengever.zug.skakr
2.0a3,opengever-zug:2.0.3,opengever.zug.skarr
2.0a5,opengever-zug:2.0.3,opengever.zugpolicy.base
2.0a8,opengever-zug:2.0.3,opengever.zugpolicy.bdarp
2.0a5,opengever-zug:2.0.3,opengever.zugpolicy.bdbds
2.0a7,opengever-zug:2.0.3,opengever.zugpolicy.dbkdbks
2.0a5,opengever-zug:2.0.3,opengever.zugpolicy.diafj
2.0a5,opengever-zug:2.0.3,opengever.zugpolicy.digva
2.0a7,opengever-zug:2.0.3,opengever.zugpolicy.fdaio
2.0a7,opengever-zug:2.0.3,opengever.zugpolicy.fdfds
2.0a4,opengever-zug:2.0.3,opengever.zugpolicy.fdkfv
2.0a6,opengever-zug:2.0.3,opengever.zugpolicy.gdgds
2.0a7,opengever-zug:2.0.3,opengever.zugpolicy.gdgea
2.0a6,opengever-zug:2.0.3,opengever.zugpolicy.sdsds
2.0a9,opengever-zug:2.0.3,opengever.zugpolicy.skaarch
2.0a5,opengever-zug:2.0.3,opengever.zugpolicy.skakr
2.0a5,opengever-zug:2.0.3,opengever.zugpolicy.skarr
2.0a6,opengever-zug:2.0.3,opengever.zugpolicy.vdvds
2.0b2,opengever-zug:2.0b3,opengever.zug.bdarp
2.0a1,opengever-zug:2.0b3,opengever.zug.fdfds
2.0a1,opengever-zug:2.0b3,opengever.zugpolicy.base
2.0a3,opengever-zug:2.0b3,opengever.zugpolicy.bdarp
2.0a1,opengever-zug:2.0b3,opengever.zugpolicy.fdfds
2.0a3,opengever-zug:2.0b3,opengever.zugpolicy.skaarch
2.0a3,opengever-zug:2.0b3,opengever.zugconfig
2.0a1,opengever-zug:2.0b4,opengever.zug.base
2.0b4,opengever-zug:2.0b4,opengever.zug.bdarp
2.0a1,opengever-zug:2.0b4,opengever.zug.bdbds
2.0a2,opengever-zug:2.0b4,opengever.zug.digva
2.0a2,opengever-zug:2.0b4,opengever.zug.skakr
2.0a1,opengever-zug:2.0b4,opengever.zug.skarr
2.0a5,opengever-zug:2.0b4,opengever.zugpolicy.bdarp
2.0a1,opengever-zug:2.0b4,opengever.zugpolicy.bdbds
2.0a3,opengever-zug:2.0b4,opengever.zugpolicy.dbkdbks
2.0a1,opengever-zug:2.0b4,opengever.zugpolicy.diafj
2.0a2,opengever-zug:2.0b4,opengever.zugpolicy.digva
2.0a3,opengever-zug:2.0b4,opengever.zugpolicy.fdaio
2.0a3,opengever-zug:2.0b4,opengever.zugpolicy.fdfds
2.0a1,opengever-zug:2.0b4,opengever.zugpolicy.fdkfv
2.0a2,opengever-zug:2.0b4,opengever.zugpolicy.gdgds
2.0a2,opengever-zug:2.0b4,opengever.zugpolicy.gdgea
2.0a2,opengever-zug:2.0b4,opengever.zugpolicy.sdsds
2.0a5,opengever-zug:2.0b4,opengever.zugpolicy.skaarch
2.0a2,opengever-zug:2.0b4,opengever.zugpolicy.skakr
2.0a1,opengever-zug:2.0b4,opengever.zugpolicy.skarr
2.0a2,opengever-zug:2.0b4,opengever.zugpolicy.vdvds
2.0b1,opengever-zug:2.0b5,opengever.zug.skakr
2.0a1,opengever-zug:2.0b6,opengever.zug.gdgea
2.0a2,opengever-zug:2.0b6,opengever.zugpolicy.base
2.0a6,opengever-zug:2.0b6,opengever.zugpolicy.bdarp
2.0a2,opengever-zug:2.0b6,opengever.zugpolicy.bdbds
2.0a4,opengever-zug:2.0b6,opengever.zugpolicy.dbkdbks
2.0a2,opengever-zug:2.0b6,opengever.zugpolicy.diafj
2.0a3,opengever-zug:2.0b6,opengever.zugpolicy.digva
2.0a4,opengever-zug:2.0b6,opengever.zugpolicy.fdaio
2.0a4,opengever-zug:2.0b6,opengever.zugpolicy.fdfds
2.0a2,opengever-zug:2.0b6,opengever.zugpolicy.fdkfv
2.0a3,opengever-zug:2.0b6,opengever.zugpolicy.gdgds
2.0a3,opengever-zug:2.0b6,opengever.zugpolicy.sdsds
2.0a6,opengever-zug:2.0b6,opengever.zugpolicy.skaarch
2.0a3,opengever-zug:2.0b6,opengever.zugpolicy.skakr
2.0a2,opengever-zug:2.0b6,opengever.zugpolicy.skarr
2.0a3,opengever-zug:2.0b6,opengever.zugpolicy.vdvds
2.0a3,opengever-zug:2.0b7,opengever.zugpolicy.gdgea
2.0a3,opengever-zug:2.0b7,opengever.zugpolicy.diafj
1.0a1,opengever-zug:2.0b8,izug.basetheme
2.0a3,opengever-zug:2.0b8,opengever.zug.digva
2.0a4,opengever-zug:2.0b8,opengever.zugpolicy.gdgea
2.0a3,opengever-zug:2.0b8,opengever.zugpolicy.bdbds
2.0b5,opengever-zug:2.0c1,opengever.zug.bdarp
2.0a3,opengever-zug:2.0c1,opengever.zugpolicy.base
2.0a5,opengever-zug:2.0c1,opengever.zugpolicy.dbkdbks
2.0a5,opengever-zug:2.0c1,opengever.zugpolicy.fdaio
2.0a5,opengever-zug:2.0c1,opengever.zugpolicy.fdfds
2.0a4,opengever-zug:2.0c1,opengever.zugpolicy.gdgds
2.0a5,opengever-zug:2.0c1,opengever.zugpolicy.gdgea
2.0a4,opengever-zug:2.0c1,opengever.zugpolicy.sdsds
2.0a3,opengever-zug:2.0c1,opengever.zugpolicy.skarr
2.0a4,opengever-zug:2.0c1,opengever.zugpolicy.vdvds
2.0a7,opengever-zug:2.0c2,opengever.zugpolicy.bdarp
2.0a4,opengever-zug:2.0c2,opengever.zugpolicy.bdbds
2.0a6,opengever-zug:2.0c2,opengever.zugpolicy.dbkdbks
2.0a4,opengever-zug:2.0c2,opengever.zugpolicy.diafj
2.0a4,opengever-zug:2.0c2,opengever.zugpolicy.digva
2.0a6,opengever-zug:2.0c2,opengever.zugpolicy.fdaio
2.0a6,opengever-zug:2.0c2,opengever.zugpolicy.fdfds
2.0a3,opengever-zug:2.0c2,opengever.zugpolicy.fdkfv
2.0a5,opengever-zug:2.0c2,opengever.zugpolicy.gdgds
2.0a6,opengever-zug:2.0c2,opengever.zugpolicy.gdgea
2.0a5,opengever-zug:2.0c2,opengever.zugpolicy.sdsds
2.0a8,opengever-zug:2.0c2,opengever.zugpolicy.skaarch
2.0a4,opengever-zug:2.0c2,opengever.zugpolicy.skakr
2.0a4,opengever-zug:2.0c2,opengever.zugpolicy.skarr
2.0a5,opengever-zug:2.0c2,opengever.zugpolicy.vdvds
2.0a2,opengever-zug:2.0c4,opengever.zug.bdbds
1.5.0,opengever-zug:2.2,RelStorage
2.3.1,opengever-zug:2.2,celery
0.1,opengever-zug:2.2,collective.recipe.shelloutput
0.17,opengever-zug:2.2,collective.recipe.supervisor
1.2,opengever-zug:2.2,collective.usernamelogger
5.1,opengever-zug:2.2,cx-Oracle
1.0.2,opengever-zug:2.2,importlib
1.2.1,opengever-zug:2.2,kombu
1.0.3,opengever-zug:2.2,opengever.async
2.0,opengever-zug:2.2,opengever.devtheme
2.0,opengever-zug:2.2,opengever.docucomposer
2.0b9,opengever-zug:2.2,opengever.konsulmigration
1.0.1,opengever-zug:2.2,opengever.pdfconverter
2.0,opengever-zug:2.2,opengever.testtheme
2.0,opengever-zug:2.2,opengever.zug.base
2.1,opengever-zug:2.2,opengever.zug.bdarp
2.0,opengever-zug:2.2,opengever.zug.bdbds
2.0,opengever-zug:2.2,opengever.zug.digva
2.0,opengever-zug:2.2,opengever.zug.gdgea
2.0,opengever-zug:2.2,opengever.zug.skakr
2.0,opengever-zug:2.2,opengever.zug.skarr
2.0,opengever-zug:2.2,opengever.zugconfig
2.0.3,opengever-zug:2.2,opengever.zugpolicy.base
2.0.1,opengever-zug:2.2,opengever.zugpolicy.bdarp
2.0,opengever-zug:2.2,opengever.zugpolicy.bdbds
1.0,opengever-zug:2.2,opengever.zugpolicy.bdnlk
1.0,opengever-zug:2.2,opengever.zugpolicy.dbkags
1.0,opengever-zug:2.2,opengever.zugpolicy.dbkbiz
2.0,opengever-zug:2.2,opengever.zugpolicy.dbkdbks
1.0.2,opengever-zug:2.2,opengever.zugpolicy.dbkspd
1.3.1,opengever-zug:2.2,opengever.zugpolicy.dbksport
1.0,opengever-zug:2.2,opengever.zugpolicy.diada
1.0,opengever-zug:2.2,opengever.zugpolicy.diafw
1.0,opengever-zug:2.2,opengever.zugpolicy.didis
2.0.1,opengever-zug:2.2,opengever.zugpolicy.digva
1.0,opengever-zug:2.2,opengever.zugpolicy.diksa
1.0,opengever-zug:2.2,opengever.zugpolicy.dizbd
2.0,opengever-zug:2.2,opengever.zugpolicy.fdaio
2.0,opengever-zug:2.2,opengever.zugpolicy.fdfds
2.0.1,opengever-zug:2.2,opengever.zugpolicy.fdkfv
2.0.1,opengever-zug:2.2,opengever.zugpolicy.gdgds
2.0,opengever-zug:2.2,opengever.zugpolicy.gdgea
1.0.2,opengever-zug:2.2,opengever.zugpolicy.gdmed
1.0,opengever-zug:2.2,opengever.zugpolicy.gdvea
1.0,opengever-zug:2.2,opengever.zugpolicy.krkoko
1.0,opengever-zug:2.2,opengever.zugpolicy.krstawiko
2.0,opengever-zug:2.2,opengever.zugpolicy.sdsds
1.0,opengever-zug:2.2,opengever.zugpolicy.sdsko
2.0,opengever-zug:2.2,opengever.zugpolicy.skaarch
2.0,opengever-zug:2.2,opengever.zugpolicy.skakr
2.0,opengever-zug:2.2,opengever.zugpolicy.skarr
1.0,opengever-zug:2.2,opengever.zugpolicy.skaska
1.1,opengever-zug:2.2,opengever.zugpolicy.training
1.0,opengever-zug:2.2,opengever.zugpolicy.vdaoev
2.0,opengever-zug:2.2,opengever.zugpolicy.vdvds
1.1,opengever-zug:2.2,ordereddict
1.0.1,opengever-zug:2.2,plone.app.lockingbehavior
0.4,opengever-zug:2.2,suds
0.5,opengever-zug:2.2,superlance
3.0a10,opengever-zug:2.2,supervisor
1.0,opengever-zug:2.2,transmogrify.sqlinserter
2.1,opengever-zug:2.2.1,opengever.task
2.1,opengever-zug:2.2.1,opengever.zug.bdbds
1.0,opengever-zug:2.2.1,opengever.zug.diada
1.0,opengever-zug:2.2.1,opengever.zug.komsko
2.0.2,opengever-zug:2.2.1,opengever.zugpolicy.bdarp
2.0.1,opengever-zug:2.2.1,opengever.zugpolicy.bdbds
1.0.1,opengever-zug:2.2.1,opengever.zugpolicy.dbkags
2.0.1,opengever-zug:2.2.1,opengever.zugpolicy.dbkdbks
1.0.1,opengever-zug:2.2.1,opengever.zugpolicy.dbkbiz
1.0.1,opengever-zug:2.2.1,opengever.zugpolicy.diada
1.0.2,opengever-zug:2.2.1,opengever.zugpolicy.diafw
1.1.1,opengever-zug:2.2.1,opengever.zugpolicy.didis
1.0.1,opengever-zug:2.2.1,opengever.zugpolicy.diksa
1.0.2,opengever-zug:2.2.1,opengever.zugpolicy.dizibu
2.0.1,opengever-zug:2.2.1,opengever.zugpolicy.fdfds
1.0,opengever-zug:2.2.1,opengever.zugpolicy.fdpa
2.0.1,opengever-zug:2.2.1,opengever.zugpolicy.gdgea
1.0,opengever-zug:2.2.1,opengever.zugpolicy.kombiko
1.0,opengever-zug:2.2.1,opengever.zugpolicy.komhbk
1.0,opengever-zug:2.2.1,opengever.zugpolicy.komkoev
1.0.1,opengever-zug:2.2.1,opengever.zugpolicy.komkoko
1.0,opengever-zug:2.2.1,opengever.zugpolicy.komnlk
2.0.3,opengever-zug:2.2.1,opengever.zugpolicy.komrpk
1.0.1,opengever-zug:2.2.1,opengever.zugpolicy.komsko
1.0.1,opengever-zug:2.2.1,opengever.zugpolicy.komstawiko
1.0,opengever-zug:2.2.1,opengever.zugpolicy.komtbk
2.0.2,opengever-zug:2.2.1,opengever.zugpolicy.sdsds
2.0.1,opengever-zug:2.2.1,opengever.zugpolicy.skaarch
2.0.1,opengever-zug:2.2.1,opengever.zugpolicy.skakr
2.0.1,opengever-zug:2.2.1,opengever.zugpolicy.skarr
1.0.2,opengever-zug:2.2.1,opengever.zugpolicy.skaska
1.0.1,opengever-zug:2.2.1,opengever.zugpolicy.vdaoev
2.0.1,opengever-zug:2.2.1,opengever.zugpolicy.vdvds
2.0.2,opengever-zug:2.3,opengever.zug.base
2.1.1,opengever-zug:2.3,opengever.zug.bdarp
2.2,opengever-zug:2.3,opengever.zug.bdbds
2.0.1,opengever-zug:2.3,opengever.zug.digva
2.0.1,opengever-zug:2.3,opengever.zug.gdgea
1.0.1,opengever-zug:2.3,opengever.zug.komsko
2.0.1,opengever-zug:2.3,opengever.zug.skakr
2.0.1,opengever-zug:2.3,opengever.zug.skarr
1.0,opengever-zug:2.3,opengever.zugpolicy.dbkaku
1.0,opengever-zug:2.3,opengever.zugpolicy.dbkams
2.0.1,opengever-zug:2.3,opengever.zugpolicy.dbkdbks
1.0.3,opengever-zug:2.3,opengever.zugpolicy.dbkspd
1.3.2,opengever-zug:2.3,opengever.zugpolicy.dbksport
1.0.3,opengever-zug:2.3,opengever.zugpolicy.diafw
2.0.2,opengever-zug:2.3,opengever.zugpolicy.digva
2.0.2,opengever-zug:2.3,opengever.zugpolicy.gdgds
1.0.1,opengever-zug:2.3,opengever.zugpolicy.gdvsvetd
1.1,opengever-zug:2.3,opengever.zugpolicy.komjpk
2.0.3,opengever-zug:2.3,opengever.zugpolicy.sdsds
1.1.1,opengever-zug:2.3,opengever.zugpolicy.training
1.1,opengever-zug:2.3.1,ftw.dictstorage
3.1.5,opengever-zug:2.3.1,ftw.tabbedview
1.7.7,opengever-zug:2.3.1,ftw.table
1.0.4,opengever-zug:2.3.1,opengever.async
2.4,opengever-zug:2.3.1,opengever.base
2.2,opengever-zug:2.3.1,opengever.contact
2.0.2,opengever-zug:2.3.1,opengever.docucomposer
2.0.3,opengever-zug:2.3.1,opengever.document
2.0.4,opengever-zug:2.3.1,opengever.dossier
2.0.4,opengever-zug:2.3.1,opengever.globalindex
2.0.2,opengever-zug:2.3.1,opengever.journal
2.1.4,opengever-zug:2.3.1,opengever.latex
2.0.2,opengever-zug:2.3.1,opengever.mail
2.0.4,opengever-zug:2.3.1,opengever.ogds.base
2.1.3,opengever-zug:2.3.1,opengever.setup
2.1.2,opengever-zug:2.3.1,opengever.tabbedview
2.3.4,opengever-zug:2.3.1,opengever.task
2.0.3,opengever-zug:2.3.1,opengever.tasktemplates
2.0.2,opengever-zug:2.3.1,opengever.trash
1.2,opengever-zug:2.3.1,opengever.upgrade
2.0.2,opengever-zug:2.3.1,opengever.zug.skakr
2.0.3,opengever-zug:2.3.1,opengever.zugpolicy.digva
2.0.4,opengever-zug:2.3.2,opengever.document
2.0.2,opengever-zug:2.4,opengever.docucomposer
2.1,opengever-zug:2.4,opengever.zug.base
2.1.3,opengever-zug:2.4,opengever.zug.bdarp
2.3.2,opengever-zug:2.4,opengever.zug.bdbds
2.0.3,opengever-zug:2.4,opengever.zug.digva
1.0.3,opengever-zug:2.4,opengever.zug.komsko
2.0.4,opengever-zug:2.4,opengever.zug.skakr
2.0.4,opengever-zug:2.4,opengever.zugpolicy.base
2.0.2,opengever-zug:2.4,opengever.zugpolicy.bdarp
2.0.1,opengever-zug:2.4,opengever.zugpolicy.bdbds
1.3.3,opengever-zug:2.4,opengever.zugpolicy.dbksport
1.0.2,opengever-zug:2.4,opengever.zugpolicy.diksa
1.0.3,opengever-zug:2.4,opengever.zugpolicy.komkoko
1.0.3,opengever-zug:2.4,opengever.zugpolicy.komsko
2.1,opengever-zug:2.5,opengever.zug.base
2.1.3,opengever-zug:2.5,opengever.zug.bdarp
2.4,opengever-zug:2.5,opengever.zug.bdbds
1.1,opengever-zug:2.5,opengever.zug.diada
2.0.3,opengever-zug:2.5,opengever.zug.digva
2.0.1,opengever-zug:2.5,opengever.zug.gdgea
1.0.3,opengever-zug:2.5,opengever.zug.komsko
2.0.4,opengever-zug:2.5,opengever.zug.skakr
2.0.1,opengever-zug:2.5,opengever.zug.skarr
2.1,opengever-zug:2.5,opengever.zugconfig
2.0.7,opengever-zug:2.5,opengever.zugpolicy.base
2.1,opengever-zug:2.5,opengever.zugpolicy.bdarp
1.0.1,opengever-zug:2.5,opengever.zugpolicy.dikes
2.1,opengever-zug:2.5,opengever.zugpolicy.skaarch
1.0.4,opengever-zug:2.5,opengever.zugpolicy.vdawa
1.0.3,opengever-zug:2.5,opengever.zugpolicy.vdgibz
1.2,teamraum:3.0.2,collective.js.extjs
1.0,teamraum:3.0.2,collective.mtrsetup
3.0.6,teamraum:3.0.2,eGov
0.3.11,teamraum:3.0.2,egov.classification
1.3.4,teamraum:3.0.2,egov.contactdirectory
1.0.6,teamraum:3.0.2,egov.contentpage
1.1.1,teamraum:3.0.2,egov.izugtheme
1.0a2,teamraum:3.0.2,egov.jsonimport
1.3,teamraum:3.0.2,egov.myaccount
1.0.12,teamraum:3.0.2,egov.orgunit
1.5.4,teamraum:3.0.2,egov.policy.base
1.0,teamraum:3.0.2,egov.policy.my4egov
1.0b3,teamraum:3.0.2,egov.policy.portal
1.2.4.2,teamraum:3.0.2,egov.policy.teamraum
1.0a1,teamraum:3.0.2,egov.policy.web
1.0b4,teamraum:3.0.2,egov.procurement
1.1.6,teamraum:3.0.2,egov.tabbedview
1.1c4,teamraum:3.0.2,egov.topics
2.4.2c3,teamraum:3.0.2,egov.upgrade
1.0.10,teamraum:3.0.2,egov.workflows
1.1.8,teamraum:3.0.2,ftw.billboard
1.2.4,teamraum:3.0.2,ftw.blog
2.2.9,teamraum:3.0.2,ftw.book
1.0.6,teamraum:3.0.2,ftw.bridge.client
1.15,teamraum:3.0.2,ftw.calendar
1.1.4,teamraum:3.0.2,ftw.calendarwidget
1.1.3,teamraum:3.0.2,ftw.colorbox
2.1,teamraum:3.0.2,ftw.contentmenu
1.4,teamraum:3.0.2,ftw.dashboard.dragndrop
2.0.1,teamraum:3.0.2,ftw.dashboard.portlets.favourites
1.3.2,teamraum:3.0.2,ftw.dashboard.portlets.postit
1.2.6,teamraum:3.0.2,ftw.dashboard.portlets.recentlymodified
1.0,teamraum:3.0.2,ftw.dictstorage
1.1.5,teamraum:3.0.2,ftw.favorite
1.5,teamraum:3.0.2,ftw.file
1.1,teamraum:3.0.2,ftw.globalstatusmessage
1.2.4,teamraum:3.0.2,ftw.journal
1.2.1,teamraum:3.0.2,ftw.keywordoverlay
1.4,teamraum:3.0.2,ftw.meeting
1.1.1,teamraum:3.0.2,ftw.mimetypes
1.2,teamraum:3.0.2,ftw.notification.base
2.0.4,teamraum:3.0.2,ftw.notification.email
1.0.3,teamraum:3.0.2,ftw.participation
1.2.4,teamraum:3.0.2,ftw.pdfgenerator
1.4.7,teamraum:3.0.2,ftw.permissionmanager
1.2,teamraum:3.0.2,ftw.poodle
1.0,teamraum:3.0.2,ftw.portlet.clock
1.0,teamraum:3.0.2,ftw.portlet.weather
1.0a2,teamraum:3.0.2,ftw.portletview
1.0,teamraum:3.0.2,ftw.quota
0.4,teamraum:3.0.2,ftw.sendmail
3.3.1,teamraum:3.0.2,ftw.tabbedview
1.8,teamraum:3.0.2,ftw.table
1.0,teamraum:3.0.2,ftw.tagging
2.4.1,teamraum:3.0.2,ftw.task
1.0.5,teamraum:3.0.2,ftw.tooltip
1.1,teamraum:3.0.2,ftw.upgrade
1.8.3,teamraum:3.0.2,ftw.usermanagement
0.6dev-r26088,teamraum:3.0.2,ftw.utilities
1.6.1,teamraum:3.0.2,ftw.workspace
2.2.1,teamraum:3.0.2,ftwbook.graphicblock
4.5,teamraum:3.0.2,izug.ticketbox
1.3,teamraum:3.0.2,plonegov.pdflatex
0.5,teamraum:3.0.2,plonegov.recipe.pdflatex
1.3,teamraum:3.0.2,plonetheme.teamraum
3.0c1,teamraum:3.0.2,simplelayout.base
3.0b7,teamraum:3.0.2,simplelayout.types.common
1.0a2,teamraum:3.0.2,simplelayout.types.flowplayerblock
1.0.7,teamraum:3.0.2,simplelayout.types.news
3.0b4,teamraum:3.0.2,simplelayout.ui.base
3.0b2,teamraum:3.0.2,simplelayout.ui.dragndrop
3.0.7,teamraum:3.0.2.1,eGov
3.0.9,teamraum:3.0.2.2,eGov
1.1.7,teamraum:3.0.2.2,egov.tabbedview
1.1.2,teamraum:3.0.2.3,egov.izugtheme
1.1.3,teamraum:3.0.2.4,egov.izugtheme
1.0,teamraum:3.1,collective.deletepermission
3.1.3,teamraum:3.1,eGov
1.4,teamraum:3.1,egov.contactdirectory
1.1,teamraum:3.1,egov.contentpage
1.2.2,teamraum:3.1,egov.izugtheme
1.1,teamraum:3.1,egov.orgunit
1.1.8,teamraum:3.1,egov.tabbedview
2.2.11,teamraum:3.1,ftw.book
1.1.5,teamraum:3.1,ftw.calendarwidget
1.5.1,teamraum:3.1,ftw.dashboard.dragndrop
3.0,teamraum:3.1,ftw.dashboard.portlets.favourites
1.6,teamraum:3.1,ftw.file
1.0,teamraum:3.1,ftw.geo
1.4.1,teamraum:3.1,ftw.meeting
1.0.4,teamraum:3.1,ftw.participation
1.2.5,teamraum:3.1,ftw.pdfgenerator
3.3.4,teamraum:3.1,ftw.tabbedview
1.9,teamraum:3.1,ftw.table
1.1.1,teamraum:3.1,ftw.tooltip
1.2,teamraum:3.1,ftw.upgrade
1.8.9,teamraum:3.1,ftw.usermanagement
1.6.2,teamraum:3.1,ftw.workspace
4.5.1,teamraum:3.1,izug.ticketbox
3.0c3,teamraum:3.1,simplelayout.base
3.0c1,teamraum:3.1,simplelayout.types.common
1.0b2,teamraum:3.1,simplelayout.types.flowplayerblock
1.2.1,teamraum:3.1,simplelayout.types.news
3.0b5,teamraum:3.1,simplelayout.ui.base
3.0c1,teamraum:3.1,simplelayout.ui.dragndrop
1.2,teamraum:4.x,collective.js.extjs
1.4.1,teamraum:4.x,collective.mtrsetup
0.4,teamraum:4.x,egov.classification
1.0a2,teamraum:4.x,egov.jsonimport
1.3,teamraum:4.x,egov.myaccount
1.5.4,teamraum:4.x,egov.policy.base
1.0,teamraum:4.x,egov.policy.my4egov
1.0b3,teamraum:4.x,egov.policy.portal
1.2.5,teamraum:4.x,egov.policy.teamraum
1.0a1,teamraum:4.x,egov.policy.web
1.0b4,teamraum:4.x,egov.procurement
1.1.9,teamraum:4.x,egov.tabbedview
1.1c4,teamraum:4.x,egov.topics
2.4.2c3,teamraum:4.x,egov.upgrade
1.0.10,teamraum:4.x,egov.workflows
1.2.1,teamraum:4.x,ftw.billboard
1.2.4,teamraum:4.x,ftw.blog
1.0.6,teamraum:4.x,ftw.bridge.client
1.15,teamraum:4.x,ftw.calendar
1.1.6,teamraum:4.x,ftw.calendarwidget
1.1.3,teamraum:4.x,ftw.colorbox
2.2,teamraum:4.x,ftw.contentmenu
1.3.3,teamraum:4.x,ftw.dashboard.portlets.postit
1.2.6,teamraum:4.x,ftw.dashboard.portlets.recentlymodified
1.2,teamraum:4.x,ftw.dictstorage
1.1.5,teamraum:4.x,ftw.favorite
1.1,teamraum:4.x,ftw.globalstatusmessage
1.2.5,teamraum:4.x,ftw.journal
1.2.1,teamraum:4.x,ftw.keywordoverlay
1.1.1,teamraum:4.x,ftw.mimetypes
1.2.1,teamraum:4.x,ftw.notification.base
2.0.4,teamraum:4.x,ftw.notification.email
1.4.8,teamraum:4.x,ftw.permissionmanager
1.3,teamraum:4.x,ftw.poodle
1.0.1,teamraum:4.x,ftw.portlet.clock
1.0,teamraum:4.x,ftw.portlet.weather
1.0a2,teamraum:4.x,ftw.portletview
1.0,teamraum:4.x,ftw.quota
0.4,teamraum:4.x,ftw.sendmail
1.0.2,teamraum:4.x,ftw.tagging
2.4.2,teamraum:4.x,ftw.task
0.6dev-r26088,teamraum:4.x,ftw.utilities
2.2.1,teamraum:4.x,ftwbook.graphicblock
1.5.1,teamraum:4.x,plonegov.pdflatex
0.5,teamraum:4.x,plonegov.recipe.pdflatex
1.3,teamraum:4.x,plonetheme.teamraum
1.2.1,teamraum:develop-latest,ftw.billdboard
3.2.0,teamraum-3rdparty:3.0.2,BeautifulSoup
0.6.2,teamraum-3rdparty:3.0.2,Mako
0.15,teamraum-3rdparty:3.0.2,MarkupSafe
1.4.4,teamraum-3rdparty:3.0.2,Products.AddRemoveWidget
1.3,teamraum-3rdparty:3.0.2,Products.AutocompleteWidget
1.8b1,teamraum-3rdparty:3.0.2,Products.DataGridField
1.14,teamraum-3rdparty:3.0.2,Products.LDAPMultiPlugins
2.20,teamraum-3rdparty:3.0.2,Products.LDAPUserFolder
2.1.1,teamraum-3rdparty:3.0.2,Products.Maps
1.3,teamraum-3rdparty:3.0.2,Products.PloneFlashUpload
1.6.5,teamraum-3rdparty:3.0.2,Products.PloneFormGen
1.2,teamraum-3rdparty:3.0.2,Products.PloneHotfix20110720
1.1,teamraum-3rdparty:3.0.2,Products.PloneHotfix20110928
1.1,teamraum-3rdparty:3.0.2,Products.PloneLDAP
1.1.3,teamraum-3rdparty:3.0.2,Products.PythonField
1.1.3,teamraum-3rdparty:3.0.2,Products.TALESField
1.2.5,teamraum-3rdparty:3.0.2,Products.TemplateFields
1.0,teamraum-3rdparty:3.0.2,Products.Zope-Hotfix-20110622
0.2.1,teamraum-3rdparty:3.0.2,StoneageHTML
0.1.1,teamraum-3rdparty:3.0.2,collective.blueprint.usersandgroups
3.0rc1,teamraum-3rdparty:3.0.2,collective.flowplayer
1.0.1,teamraum-3rdparty:3.0.2,collective.jqhistory
1.0,teamraum-3rdparty:3.0.2,collective.js.jqsmartTruncation
1.0,teamraum-3rdparty:3.0.2,collective.js.jqtooltip
1.8.16.5,teamraum-3rdparty:3.0.2,collective.js.jqueryui
1.1,teamraum-3rdparty:3.0.2,collective.js.throttledebounce
1.0,teamraum-3rdparty:3.0.2,collective.js.ui.multiselect
0.5,teamraum-3rdparty:3.0.2,collective.logbook
2.0.2,teamraum-3rdparty:3.0.2,collective.portlet.collectionmultiview
1.4,teamraum-3rdparty:3.0.2,collective.quickupload
0.6,teamraum-3rdparty:3.0.2,collective.recipe.filestorage
1.2,teamraum-3rdparty:3.0.2,collective.xmltestreport
0.9.9,teamraum-3rdparty:3.0.2,cssutils
1.2,teamraum-3rdparty:3.0.2,dataflake.cache
1.2,teamraum-3rdparty:3.0.2,dataflake.ldapconnection
0.94,teamraum-3rdparty:3.0.2,geopy
1.0b9,teamraum-3rdparty:3.0.2,plone.app.theming
1.0,teamraum-3rdparty:3.0.2,plone.formwidget.autocomplete
1.0b1,teamraum-3rdparty:3.0.2,plone.principalsource
1.0b6,teamraum-3rdparty:3.0.2,plone.resource
2.3.13,teamraum-3rdparty:3.0.2,python-ldap
0.5,teamraum-3rdparty:3.0.2,repoze.xmliter
0.7.1,teamraum-3rdparty:3.0.2,z3c.jbot
0.5.4,teamraum-3rdparty:3.0.2,z3c.json
0.8,teamraum-3rdparty:3.0.2,z3c.recipe.staticlxml
1.0c1,teamraum-3rdparty:3.0.2,z3c.widgets.flashupload
1.3.5,teamraum-3rdparty:3.0.2,zc.recipe.cmmi
1.6.3FTA,teamraum-3rdparty:3.0.2.2,kss.core
1.2,teamraum-3rdparty:3.0.2.3,Products.PloneHotfix20121106
1.0,teamraum-3rdparty:3.0.2.3,Products.Zope-Hotfix-20111024
1.7.4,teamraum-3rdparty:3.1,Products.PloneFormGen
1.2.16,teamraum-3rdparty:3.1,Shapely
2.4,teamraum-3rdparty:3.1,collective.geo.contentlocations
1.4,teamraum-3rdparty:3.1,collective.geo.geographer
2.4,teamraum-3rdparty:3.1,collective.geo.kml
1.5,teamraum-3rdparty:3.1,collective.geo.mapwidget
0.2.4,teamraum-3rdparty:3.1,collective.geo.openlayers
2.4,teamraum-3rdparty:3.1,collective.geo.settings
1.5.8,teamraum-3rdparty:3.1,collective.quickupload
3.1.2,teamraum-3rdparty:3.1,collective.flowplayer
0.2,teamraum-3rdparty:3.1,collective.z3cform.colorpicker
1.3.3,teamraum-3rdparty:3.1,hachoir-core
1.3.3,teamraum-3rdparty:3.1,hachoir-metadata
1.3.4,teamraum-3rdparty:3.1,hachoir-parser
1.2.0,teamraum-3rdparty:3.1,plone.formwidget.autocomplete
1.0.6,teamraum-3rdparty:3.1,plone.formwidget.contenttree
3.2.1,teamraum-3rdparty:4.0,BeautifulSoup
0.7.3,teamraum-3rdparty:4.0,Mako
0.15,teamraum-3rdparty:4.0,MarkupSafe
1.5.0,teamraum-3rdparty:4.0,Products.AddRemoveWidget
1.4.0,teamraum-3rdparty:4.0,Products.AutocompleteWidget
1.8.4,teamraum-3rdparty:4.0,Products.DataGridField
1.14,teamraum-3rdparty:4.0,Products.LDAPMultiPlugins
2.24,teamraum-3rdparty:4.0,Products.LDAPUserFolder
3.0,teamraum-3rdparty:4.0,Products.Maps
1.3,teamraum-3rdparty:4.0,Products.PloneFlashUpload
1.7.6,teamraum-3rdparty:4.0,Products.PloneFormGen
1.2,teamraum-3rdparty:4.0,Products.PloneHotfix20110720
1.1,teamraum-3rdparty:4.0,Products.PloneHotfix20110928
1.2,teamraum-3rdparty:4.0,Products.PloneHotfix20121106
1.2,teamraum-3rdparty:4.0,Products.PloneLDAP
1.1.3,teamraum-3rdparty:4.0,Products.PythonField
1.1.3,teamraum-3rdparty:4.0,Products.TALESField
1.2.5,teamraum-3rdparty:4.0,Products.TemplateFields
1.0,teamraum-3rdparty:4.0,Products.Zope-Hotfix-20110622
1.0,teamraum-3rdparty:4.0,Products.Zope-Hotfix-20111024
1.2.17,teamraum-3rdparty:4.0,Shapely
0.2.1,teamraum-3rdparty:4.0,StoneageHTML
0.1.1,teamraum-3rdparty:4.0,collective.blueprint.jsonmigrator
0.1.3,teamraum-3rdparty:4.0,collective.blueprint.usersandgroups
3.1.2,teamraum-3rdparty:4.0,collective.flowplayer
2.5,teamraum-3rdparty:4.0,collective.geo.contentlocations
1.6,teamraum-3rdparty:4.0,collective.geo.geographer
2.5,teamraum-3rdparty:4.0,collective.geo.kml
1.6,teamraum-3rdparty:4.0,collective.geo.mapwidget
2.5,teamraum-3rdparty:4.0,collective.geo.openlayers
2.5,teamraum-3rdparty:4.0,collective.geo.settings
1.0.1,teamraum-3rdparty:4.0,collective.jqhistory
1.0,teamraum-3rdparty:4.0,collective.js.jqsmartTruncation
1.0,teamraum-3rdparty:4.0,collective.js.jqtooltip
1.10.0.1,teamraum-3rdparty:4.0,collective.js.jqueryui
1.1,teamraum-3rdparty:4.0,collective.js.throttledebounce
1.0,teamraum-3rdparty:4.0,collective.js.ui.multiselect
0.6,teamraum-3rdparty:4.0,collective.logbook
2.1.5,teamraum-3rdparty:4.0,collective.portlet.collectionmultiview
1.4,teamraum-3rdparty:4.0,collective.quickupload
0.6,teamraum-3rdparty:4.0,collective.recipe.filestorage
3.0,teamraum-3rdparty:4.0,collective.solr
1.2.8,teamraum-3rdparty:4.0,collective.xmltestreport
0.9.9,teamraum-3rdparty:4.0,cssutils
1.4,teamraum-3rdparty:4.0,dataflake.cache
1.1,teamraum-3rdparty:4.0,dataflake.fakeldap
1.5,teamraum-3rdparty:4.0,dataflake.ldapconnection
0.94.2,teamraum-3rdparty:4.0,geopy
1.6.5,teamraum-3rdparty:4.0,kss.core
1.0.4,teamraum-3rdparty:4.0,plone.app.theming
1.2.4,teamraum-3rdparty:4.0,plone.formwidget.autocomplete
1.0b1,teamraum-3rdparty:4.0,plone.principalsource
1.0.2,teamraum-3rdparty:4.0,plone.resource
2.3.13,teamraum-3rdparty:4.0,python-ldap
0.5,teamraum-3rdparty:4.0,repoze.xmliter
0.7.1,teamraum-3rdparty:4.0,z3c.jbot
0.5.4,teamraum-3rdparty:4.0,z3c.json
0.8,teamraum-3rdparty:4.0,z3c.recipe.staticlxml
1.0c1,teamraum-3rdparty:4.0,z3c.widgets.flashupload
1.3.5,teamraum-3rdparty:4.0,zc.recipe.cmmi
